"pop","lat","long","rs731257:A/G","rs2946788:G/T","rs3793451:C/T","rs10236187:C/A","rs1569175:A/G","rs2030763:A/G","rs8035124:A/C","rs4463276:A/G","rs316873:A/G","rs647325:A/G","rs734873:T/C","rs260690:A/C","rs192655:A/G","rs385194:C/T","rs1879488:A/C","rs10007810:A/G","rs818386:C/T","rs12439433:A/G","rs1503767:A/C","rs12629908:A/G","rs1513181:C/T","rs7844723:C/T","rs1871428:A/G","rs1408801:A/G","rs10511828:C/T","rs7803075:G/A","rs32314:T/C","rs214678:C/T","rs4821004:C/T","rs4908343:A/G","rs1296819:A/C","rs705308:G/T","rs6464211:C/T","rs3784230:C/T","rs1950993:C/A","rs2070586:A/G","rs2033111:C/T","rs1837606:A/G","rs6451722:A/G","rs316598:C/T","rs200354:G/T","rs1040404:C/T","rs4918842:C/T","rs881728:G/T","rs870347:G/T","rs2306040:A/G","rs12657828:G/A","rs1513056:A/G","rs1369093:A/G","rs1500127:C/T","rs1407434:T/C","rs3118378:A/G","rs12544346:A/G","rs772262:A/G","rs1040045:C/T","rs1471939:C/T","rs948028:A/C","rs1760921:A/G","rs798443:A/G","rs3907047:C/T","rs1325502:A/G","rs10510228:A/G","rs946918:G/T","rs874299:C/T","rs37369:T/C","rs4781011:G/T","rs2001907:C/T","rs4717865:A/G","rs2330442:A/G","rs3943253:A/G","rs2899826:T/C","rs2269793:G/T","rs2125345:G/A","rs2627037:A/G","rs2835370:C/T","rs2073821:C/T","rs2966849:A/G","rs2986742:C/T","rs2357442:A/C","rs2397060:C/T","rs2416791:A/G","rs2532060:C/T","rs2504853:C/T","rs6541030:A/G","rs7554936:C/T","rs10954737:C/T","rs10839880:C/T","rs11227699:A/G","rs9530435:C/T","rs2702414:A/G","rs9319336:C/T","rs4458655:C/T","rs3737576:A/G","rs3745099:A/G","rs3793791:C/T","rs4666200:A/G","rs4746136:A/G","rs4984913:A/G","rs4891825:A/G","rs4670767:G/T","rs4798812:A/G","rs4800105:C/T","rs7238445:A/G","rs6422347:C/T","rs6548616:C/T","rs7657799:G/T","rs5768007:C/T","rs9291090:A/C","rs10496971:G/T","rs9809104:C/T","rs10513300:C/T","rs4951629:C/T","rs7997709:C/T","rs6104567:G/T","rs10512572:A/G","rs10108270:A/C","rs9522149:C/T","rs11652805:C/T","rs7421394:A/G","rs6556352:C/T","rs4880436:T/C","rs13400937:G/T","rs12130799:A/G","rs4955316:C/A","rs9845457:A/G","rs8113143:A/C","rs7745461:A/G","rs8021730:G/T"
"Adygei",44.5,39.75,0.2315,0.213,0.9444,0.0741,0.0741,0.2547,0.6981,0.2315,0.1204,0.8056,0.1759,0.9444,0.783,0.6204,0.1759,0.2037,0.8981,0.9722,0.787,0.1759,0.7685,0.5463,0.4245,0.7778,0.0833,0.5556,0.7315,0.0833,0.7358,0.6887,0.2222,0.4537,0.8056,0.287,0.5648,0.1296,0.1389,0.7778,0.2593,0.3241,0.7963,0.6389,0.1852,0.8889,0.0926,0.9907,0.1574,0.1574,0.9722,0.8889,0.1944,0.7453,0.5278,0.0926,0.0833,0.2685,0.7593,0.9074,0.6481,0.037,0.1389,0.9167,0.8796,0.6792,0.1111,0.6852,0.8519,0.0833,0.4537,0.8981,0.8426,0.1019,0.3889,0.0648,0.1296,0.7963,0.0926,0.1481,0.7315,0.1296,0.0926,0.3981,0.2593,0.037,0.287,0.0556,0.3148,0.0185,0.8241,0.1481,0.1019,0.0833,0.9444,0.8148,0.0926,0.75,0.0833,0.6944,0.8889,0.8241,0.2778,0.8333,0.3491,0.1667,0.2642,0.0093,0.8241,0.9352,0.1296,0.3426,0.0849,0.0093,0.1019,0.287,0.1204,0.3056,0.5093,0.1667,0.6852,0.5648,0.0833,0.4615,0.9815,0.0648,0.6111,0.3889,0.1759,0.8889
"African Americans",45,-95,0.05,0.7416,0.9667,0.55,0.1611,0.1011,0.3111,0.8,0.1167,0.4222,0.0333,0.4278,0.6778,0.1611,0.15,0.8667,0.9444,0.9944,0.3667,0.0843,0.8222,0.8944,0.8876,0.4944,0.0944,0.2079,0.7111,0.0722,0.2167,0.1944,0.6111,0.1556,0.3722,0.7944,0.15,0.3778,0.4667,0.3111,0.6667,0.8,0.3889,0.2333,0.0778,0.8427,0.0778,0.9157,0.2471,0.3111,0.6889,0.5056,0.2667,0.5,0.15,0.6667,0.6722,0.2865,0.3611,0.3833,0.2333,0.0222,0.6404,0.8778,0.7778,0.2167,0.5611,0.5389,0.9444,0.0333,0.1611,0.75,0.6944,0.4438,0.8444,0.4611,0.4111,0.9667,0.2611,0.6222,0.8652,0.6444,0.7978,0.8056,0.8167,0.2389,0.8596,0.0833,0.7584,0.5278,0.2222,0.0722,0.1389,0.3611,0.9722,0.35,0.2389,0.2865,0.0333,0.2222,0.3167,0.9444,0.236,0.8,0.7167,0.75,0.7556,0.6136,0.95,0.9444,0.0955,0.7697,0.0389,0.1444,0.233,0.1556,0.2,0.7667,0.1667,0.8222,0.2079,0.15,0.0167,0.7778,0.9889,0.1854,0.1611,0.85,0.2611,0.2778
"Ami",23.25,121.25,0.375,0.6875,0.7692,0.2436,0.0375,0.4744,0.3077,0.95,0.2375,0.475,0.4125,0.075,0.4375,0.4875,0.3,0.1875,0.75,0.98780487804878,0.5375,0.1923,0.1625,0.875,0.6375,0.4625,0.1,0.0125,0.4875,0.2125,0.9125,0.375,0.0875,0.1125,0.7875,0.0875,0.1,0.2821,0.4,0.85,0.325,0.625,0.1625,0.5375,0.25,0.7375,0.325,0.5385,0.5,0.525,0.7375,0.65,0.4375,0.275,0.325,0.2125,0.0375,0.85,0.9,0.8077,0.7875,0.55,0.575,0.625,0.5,0.3125,0.7179,0.1125,0.9,0.35,0.7875,0.3375,0.3875,0.2895,0.575,0.15,0.3875,0.5875,0.5125,0.3125,0.3875,0.1125,0.2125,0.825,0.225,0.15,0.3125,0.1,0.2375,0.125,0.975,0.35,0.75,0.0625,0.98780487804878,0.7125,0.3125,0.9,0.4359,0.3421,0.98780487804878,0.2875,0.0875,0.7625,0.1923,0.5385,0.1538,0.2875,0.35,0.8718,0.8125,0.1125,0.25,0.025,0.65,0.55,0.7375,0.4375,0.0121951219512195,0.325,0.3875,0.3974,0.0121951219512195,0.9875,0.98780487804878,0.3718,0.9,0.7125,0.7179,0.75
"Atayal",23.625,121.5,0.4146,0.5119,0.7143,0.2073,0.1071,0.3571,0.3293,0.5714,0.4048,0.5488,0.2143,0.0952,0.4881,0.6905,0.6951,0.1548,0.939,0.988095238095238,0.5476,0.1429,0.3929,0.8571,0.7738,0.4286,0.119,0.0119047619047619,0.2619,0.2857,0.7381,0.3571,0.0119047619047619,0.3659,0.6429,0.0833,0.0238,0.369,0.619,0.7619,0.6786,0.6786,0.6071,0.8571,0.3929,0.75,0.0952,0.622,0.3375,0.3902,0.869,0.631,0.6667,0.2857,0.4762,0.3214,0.0238,0.8902,0.8929,0.8214,0.881,0.4881,0.3452,0.369,0.7143,0.2195,0.2262,0.2857,0.9524,0.0976,0.7619,0.4024,0.3452,0.1905,0.6429,0.2976,0.4756,0.6667,0.4878,0.2738,0.2317,0.2619,0.3415,0.8571,0.2381,0.1071,0.381,0.2024,0.2976,0.2381,0.988095238095238,0.2439,0.8452,0.1585,0.988095238095238,0.6429,0.1429,0.6905,0.7143,0.2195,0.988095238095238,0.7143,0.5119,0.5952,0.2143,0.5,0.1707,0.061,0.5122,0.9286,0.9405,0.2262,0.2738,0.25,0.5122,0.5119,0.5476,0.5476,0.0119047619047619,0.4524,0.3929,0.4167,0.0119047619047619,0.988095238095238,0.988095238095238,0.1548,0.9405,0.881,0.5952,0.7143
"Baima Dee",31.5,103.5,0.4268,0.6707,0.7439,0.1375,0.2439,0.4268,0.1071,0.939,0.2,0.6951,0.4512,0.2561,0.4,0.3415,0.6098,0.1585,0.6951,0.988095238095238,0.6463,0.2917,0.1585,0.8415,0.9231,0.1094,0.1829,0.2561,0.4103,0.1585,0.878,0.7927,0.2317,0.1829,0.5854,0.1463,0.2195,0.2439,0.4359,0.6585,0.1951,0.5732,0.3293,0.3571,0.439,0.825,0.5,0.85,0.1829,0.6585,0.675,0.5,0.575,0.5128,0.3659,0.1,0.0256,0.6625,0.988095238095238,0.7692,0.4853,0.475,0.439,0.9,0.6375,0.3,0.561,0.1098,0.8415,0.1786,0.878,0.2927,0.4756,0.5571,0.6125,0.2683,0.4512,0.5625,0.3902,0.2,0.3875,0.1538,0.3171,0.6795,0.3171,0.3,0.075,0.1125,0.439,0.1829,0.9512,0.3171,0.7195,0.2875,0.925,0.6,0.2927,0.6951,0.3902,0.2237,0.988095238095238,0.439,0.4268,0.8659,0.4211,0.0119047619047619,0.0946,0.1125,0.5854,0.9079,0.6923,0.3049,0.3293,0.2683,0.6026,0.6548,0.473,0.3537,0.0119047619047619,0.122,0.4762,0.3947,0.0119047619047619,0.6,0.988095238095238,0.378,0.7625,0.8902,0.8875,0.5833
"Biaka",3.5,17.5,0.0299,0.9571,0.992647058823529,0.6214,0.1786,0.00735294117647059,0.4275,0.9571,0.1397,0.2071,0.0882,0.5435,0.6304,0.00735294117647059,0.1159,0.9929,0.992647058823529,0.992647058823529,0.3696,0.1357,0.9214,0.992647058823529,0.9714,0.7681,0.0809,0.00735294117647059,0.7714,0.0652,0.00735294117647059,0.0286,0.7941,0.00735294117647059,0.0588,0.9493,0.0143,0.6159,0.3214,0.0929,0.9638,0.992647058823529,0.2143,0.0942,0.0429,0.8286,0.0214,0.992647058823529,0.1957,0.2464,0.7029,0.4855,0.1449,0.4571,0.029,0.6324,0.9714,0.1957,0.1957,0.3603,0.1324,0.00735294117647059,0.7143,0.8188,0.8261,0.0286,0.4714,0.3986,0.9928,0.00735294117647059,0.0435,0.7246,0.2899,0.6544,0.9701,0.6786,0.5857,0.992647058823529,0.4855,0.9412,0.8786,0.9493,0.8986,0.8643,0.9357,0.1449,0.9929,0.0368,0.992647058823529,0.65,0.1397,0.00735294117647059,0.0662,0.2754,0.9857,0.3088,0.1714,0.0357,0.00735294117647059,0.1691,0.0143,0.95,0.1786,0.8333,0.8696,0.9844,0.9565,0.8456,0.992647058823529,0.9485,0.0435,0.9855,0.00735294117647059,0.0956,0.1014,0.1304,0.1087,0.8786,0.00735294117647059,0.992647058823529,0.00735294117647059,0.0147,0.00735294117647059,0.8623,0.992647058823529,0.1449,0.0797,0.992647058823529,0.3456,0.1714
"Cambodians, Khmer",12.5,105,0.2917,0.6875,0.6667,0.1458,0.1458,0.5,0.3333,0.8542,0.5208,0.5,0.3542,0.1458,0.3333,0.3333,0.4792,0.1042,0.5833,0.98,0.4167,0.5208,0.1875,0.8542,0.8125,0.1875,0.1875,0.0833,0.4375,0.1042,0.75,0.4583,0.1875,0.2292,0.7083,0.0208,0.3542,0.3958,0.2708,0.6875,0.3542,0.6458,0.2826,0.6042,0.5208,0.7708,0.4583,0.6667,0.1087,0.2917,0.8542,0.7292,0.2708,0.5208,0.3542,0.25,0.1042,0.6875,0.875,0.7609,0.6458,0.5417,0.2708,0.7083,0.6875,0.2292,0.4792,0.1667,0.98,0.25,0.6042,0.5208,0.4167,0.5208,0.375,0.1667,0.5,0.7083,0.2917,0.2292,0.4167,0.1875,0.1458,0.75,0.2083,0.3333,0.1667,0.0417,0.4167,0.0625,0.9792,0.2917,0.4583,0.2083,0.9583,0.6667,0.125,0.8125,0.7083,0.25,0.9583,0.375,0.4792,0.6667,0.2708,0.3478,0.2083,0.2083,0.5833,0.875,0.7292,0.6042,0.2917,0.2083,0.4792,0.4375,0.5625,0.4583,0.0417,0.2917,0.5417,0.5208,0.02,0.7083,0.98,0.1875,0.7083,0.6042,0.5833,0.6042
"Chagga",-3,37.5,0.0778,0.8,0.9111,0.5222,0.2556,0.0333,0.3111,0.7333,0.0455,0.2778,0.0108695652173913,0.3889,0.5667,0.0778,0.2111,0.9222,0.9889,0.989130434782609,0.2667,0.1333,0.9091,0.9,0.9556,0.5222,0.1,0.1556,0.7222,0.0889,0.1333,0.0778,0.6,0.0778,0.2889,0.9222,0.1136,0.4333,0.4667,0.3111,0.8333,0.9091,0.3523,0.2444,0.1556,0.8333,0.0778,0.9667,0.2159,0.2889,0.5889,0.5444,0.2222,0.6556,0.1222,0.8111,0.7889,0.2,0.2778,0.2667,0.1111,0.0108695652173913,0.6556,0.9111,0.8333,0.2111,0.5333,0.4778,0.989130434782609,0.0108695652173913,0.0444,0.6333,0.6778,0.5556,0.9333,0.3778,0.4111,0.9778,0.3222,0.8556,0.8,0.8,0.9111,0.9,0.8333,0.3222,0.9,0.1111,0.8636,0.4111,0.3,0.0889,0.2,0.3864,0.989130434782609,0.1556,0.3111,0.2,0.0444,0.3222,0.1556,0.9222,0.2444,0.8636,0.8111,0.8023,0.9222,0.5682,0.9889,0.9556,0.0333,0.7667,0.0108695652173913,0.1333,0.1889,0.1222,0.1591,0.8667,0.1163,0.8778,0.0889,0.1333,0.0222,0.8,0.989130434782609,0.0556,0.0778,0.9667,0.3333,0.1778
"Cheyenne",35.5,-99,0.7054,0.2636,0.3393,0.5,0.5089,0.7679,0.0982,0.8482,0.6875,0.1429,0.3929,0.0446,0.3661,0.1786,0.6,0.0893,0.375,0.4018,0.4196,0.6518,0.2768,0.9107,0.7589,0.2143,0.5364,0.3214,0.1696,0.5714,0.6786,0.7589,0.125,0.0179,0.7321,0.4196,0.2411,0.9196,0.7589,0.2054,0.0179,0.4375,0.2321,0.3393,0.6964,0.4732,0.7679,0.3661,0.7455,0.8393,0.3304,0.4727,0.5804,0.0804,0.6,0.6339,0.0268,0.8393,0.6875,0.6339,0.6875,0.6607,0.1786,0.7143,0.1875,0.3393,0.7,0.1875,0.4196,0.5364,0.3839,0.3545,0.4643,0.3704,0.5273,0.4732,0.7946,0.3839,0.5179,0.1161,0.2768,0.2091,0.5818,0.4107,0.5446,0.6339,0.2679,0.4554,0.3304,0.5357,0.9643,0.6429,0.7054,0.6,0.3929,0.8036,0.375,0.8,0.9286,0.0741,0.875,0.3661,0.6429,0.2054,0.4286,0.0357,0.0087719298245614,0.0179,0.2411,0.4818,0.4,0.4196,0.5636,0.3571,0.7679,0.8482,0.7273,0.0357,0.0446,0.3125,0.4286,0.5089,0.2321,0.3364,0.7232,0.5,0.9732,0.6161,0.8304,0.1944
"Chuvash",55.5,47.25,0.2024,0.4881,0.9405,0.0357,0.0952,0.2381,0.7262,0.2381,0.119,0.7738,0.0952,0.8214,0.7857,0.6071,0.2738,0.2143,0.7024,0.9405,0.8095,0.0833,0.619,0.4878,0.3929,0.8929,0.0952,0.6905,0.6786,0.1786,0.5357,0.9048,0.1786,0.3571,0.75,0.3929,0.75,0.2024,0.1071,0.7738,0.3571,0.2927,0.7381,0.6548,0.2024,0.9762,0.1429,0.9405,0.0976,0.369,0.8929,0.881,0.381,0.7143,0.7143,0.0357,0.1071,0.4286,0.9146,0.8571,0.7857,0.0976,0.1786,0.9048,0.7619,0.4405,0.0952,0.4286,0.881,0.1429,0.6071,0.9286,0.881,0.1905,0.3095,0.0595,0.131,0.8214,0.2143,0.131,0.7381,0.1905,0.0952,0.5366,0.1786,0.2024,0.3214,0.0854,0.4048,0.1071,0.9405,0.0595,0.131,0.1786,0.9405,0.869,0.0952,0.6429,0.2683,0.6786,0.9524,0.8452,0.4167,0.881,0.25,0.2927,0.2976,0.0116279069767442,0.7381,0.9881,0.1429,0.2073,0.1667,0.0595,0.1071,0.4167,0.1429,0.4048,0.5488,0.1905,0.6548,0.6786,0.0119,0.2857,0.9405,0.1,0.6905,0.3929,0.2262,0.7619
"Danes",56.35,10.5,0.1961,0.3137,0.9412,0.0588,0.098,0.1765,0.8571,0.2451,0.0784,0.8137,0.1373,0.951,0.8922,0.7549,0.0392,0.1863,0.7843,0.9804,0.87,0.0392,0.8824,0.4118,0.31,0.8824,0.0294,0.7745,0.7451,0.12,0.59,0.8922,0.2157,0.3824,0.8529,0.3824,0.6471,0.1373,0.0882,0.6667,0.1667,0.3039,0.8137,0.6667,0.1176,0.951,0.1176,0.9118,0.14,0.2157,0.9608,0.9902,0.098,0.7353,0.6176,0.0882,0.1569,0.2255,0.8431,0.9608,0.8529,0.0294,0.1863,0.9118,0.8,0.6765,0.0882,0.6961,0.9118,0.1176,0.52,0.902,0.951,0.1275,0.2843,0.0686,0.09,0.8529,0.1765,0.1078,0.8235,0.0784,0.16,0.3137,0.2843,0.0882,0.35,0.0686,0.3235,0.0588,0.89,0.0686,0.0784,0.1667,0.9608,0.9216,0.0588,0.7059,0.1667,0.7059,0.9216,0.9118,0.3333,0.8922,0.1373,0.12,0.3,0.00961538461538462,0.9216,0.990384615384615,0.0784,0.1569,0.0686,0.0392,0.0686,0.2157,0.098,0.2353,0.7549,0.1078,0.7353,0.6863,0.0686,0.2843,0.902,0.12,0.598,0.29,0.1176,0.8922
"Druze",33.25,36,0.0637,0.2475,0.8873,0.0196,0.0784,0.2745,0.6078,0.25,0.1029,0.7892,0.1324,0.9412,0.8873,0.5147,0.0882,0.2549,0.9363,0.9902,0.8762,0.049,0.9265,0.4706,0.6176,0.7794,0.049,0.5882,0.7647,0.1029,0.7108,0.7108,0.2794,0.6324,0.8039,0.3922,0.6765,0.1569,0.0931,0.7647,0.3284,0.4307,0.8725,0.5588,0.2451,0.7647,0.0294,0.9804,0.1188,0.0931,0.9604,0.9314,0.0931,0.6912,0.5049,0.1584,0.201,0.3382,0.8627,0.9158,0.7059,0.0343,0.1912,0.9554,0.8578,0.7206,0.0784,0.7451,0.9461,0.0941,0.5931,0.9412,0.8922,0.0446,0.4901,0.0833,0.1225,0.9109,0.0539,0.2647,0.8578,0.2745,0.0833,0.5441,0.3775,0.1176,0.2843,0.0588,0.2451,0.0294,0.8235,0.1471,0.0882,0.201,0.9657,0.8317,0.0594,0.6667,0.1422,0.7549,0.8333,0.8382,0.3333,0.8529,0.1912,0.1289,0.3918,0.0539,0.8431,0.9069,0.1029,0.25,0.0637,0.0495,0.0196,0.2108,0.1029,0.2304,0.7255,0.402,0.6716,0.6569,0.0941,0.2647,0.9853,0.0637,0.5931,0.5343,0.1225,0.6931
"Edo",7,4.5,0.025,0.9722,0.9722,0.737,0.289,0.0263,0.1667,0.9474,0.105,0.3421,0.025,0.3421,0.5882,0.025,0.3684,0.975,0.975,0.9737,0.25,0.1316,0.895,0.975,0.975,0.3947,0.1,0.025,0.5,0.0526,0.0294,0.025,0.8421,0.026,0.1842,0.975,0.0526,0.5,0.583,0.289,0.8947,0.9737,0.25,0.053,0.1053,0.868,0.053,0.895,0.184,0.3333,0.711,0.5,0.3158,0.5,0.025,0.9474,0.842,0.2895,0.1389,0.105,0.025,0.025,0.8158,0.9211,0.7222,0.0526,0.6842,0.3158,0.9474,0.025,0.0789,0.7941,0.5789,0.7105,0.975,0.6053,0.4211,0.975,0.3684,0.6842,0.6842,0.8529,0.975,0.9474,0.975,0.1842,0.9737,0.0263,0.9444,0.5556,0.0263,0.0263,0.0789,0.3947,0.972,0.0312,0.3158,0.0526,0.025,0.0789,0.0556,0.975,0.1842,0.7632,0.9737,0.9706,0.975,0.8684,0.975,0.9722,0.0263,0.9474,0.025,0.1579,0.2632,0.1944,0.1842,0.975,0.025,0.9444,0.1053,0.025,0.025,0.975,0.975,0.2105,0.0263,0.975,0.3684,0.2222
"European Americans",52.5,16,0.1328,0.3008,0.9646,0.043,0.059,0.1523,0.8228,0.254,0.094,0.7734,0.0625,0.9336,0.8945,0.654,0.0312,0.2383,0.8711,0.9727,0.855,0.043,0.859,0.4258,0.3242,0.9023,0.0781,0.734,0.75,0.1289,0.5898,0.7812,0.2305,0.559,0.8398,0.425,0.6133,0.1602,0.07,0.742,0.2227,0.2773,0.8543,0.727,0.1417,0.875,0.023,0.909,0.083,0.1339,0.969,0.937,0.0669,0.6953,0.5827,0.0586,0.23,0.1914,0.8438,0.953,0.7773,0.0508,0.1211,0.9609,0.7773,0.6929,0.1055,0.7734,0.9141,0.0703,0.5859,0.9219,0.878,0.0787,0.3307,0.0703,0.082,0.9023,0.1172,0.1017,0.8672,0.1429,0.1133,0.4258,0.3008,0.0472,0.3711,0.0469,0.3415,0.0703,0.7812,0.0781,0.0352,0.1523,0.941,0.824,0.0742,0.7817,0.1457,0.8164,0.9375,0.8711,0.2953,0.938,0.168,0.0669,0.2969,0.0117,0.8789,0.9727,0.0742,0.2341,0.0547,0.0469,0.0742,0.293,0.082,0.2953,0.7266,0.1984,0.7148,0.6953,0.0278,0.3008,0.9453,0.0913,0.6142,0.3047,0.1484,0.7969
"Europeans, Mixed",52.5,16,0.1359,0.3587,0.9565,0.0543,0.0489,0.2065,0.8261,0.2609,0.1087,0.7174,0.1087,0.9457,0.8696,0.7554,0.0598,0.2582,0.8444,0.9674,0.8696,0.0598,0.8261,0.4066,0.3791,0.8846,0.087,0.7065,0.7554,0.1538,0.5707,0.8207,0.3077,0.538,0.8804,0.3587,0.6467,0.1304,0.1304,0.7446,0.2337,0.2989,0.8242,0.6813,0.1087,0.9022,0.0163,0.8859,0.1136,0.163,0.956,0.9511,0.087,0.6576,0.6359,0.0833,0.2065,0.2174,0.8424,0.9725,0.8261,0.044,0.1522,0.9239,0.7772,0.6957,0.1413,0.7717,0.9511,0.0707,0.6359,0.9231,0.9293,0.125,0.2283,0.0978,0.0707,0.8859,0.125,0.1413,0.8791,0.1033,0.1413,0.4111,0.3043,0.0761,0.3261,0.0495,0.3261,0.0326,0.8152,0.0815,0.038,0.0924,0.9396,0.7826,0.0761,0.7826,0.1087,0.7391,0.8736,0.8641,0.2663,0.9341,0.1739,0.1012,0.2809,0.0272,0.8804,0.9837,0.0924,0.2065,0.0761,0.0543,0.0272,0.2717,0.0598,0.25,0.7143,0.1793,0.6703,0.6576,0.0707,0.288,0.9457,0.0824,0.6522,0.3516,0.1087,0.8207
"Filipino",13.9,121.5,0.3205,0.6154,0.9103,0.2105,0.1026,0.4079,0.3158,0.6538,0.4474,0.527,0.3194,0.1154,0.4306,0.4079,0.3462,0.1667,0.6316,0.9875,0.4605,0.3718,0.1282,0.9231,0.7821,0.4079,0.0897,0.0541,0.3718,0.1389,0.8289,0.4487,0.2051,0.2027,0.75,0.0526,0.1711,0.2297,0.4167,0.7368,0.3718,0.6757,0.2083,0.5789,0.3472,0.7105,0.4615,0.7222,0.2162,0.4872,0.8649,0.7083,0.4211,0.4054,0.3289,0.1892,0.1447,0.8243,0.8684,0.8974,0.6282,0.4868,0.4868,0.7051,0.5132,0.3088,0.5385,0.1579,0.9167,0.2051,0.6795,0.5897,0.5256,0.2885,0.4615,0.1923,0.3333,0.6579,0.4605,0.3333,0.3333,0.2692,0.2308,0.6538,0.3333,0.2763,0.2051,0.0897,0.3947,0.1216,0.9875,0.3718,0.6622,0.0897,0.9865,0.7895,0.2051,0.6806,0.4872,0.2297,0.9744,0.3718,0.2632,0.6711,0.2692,0.5395,0.1282,0.2051,0.4872,0.9103,0.8077,0.2414,0.2703,0.1154,0.6486,0.5,0.6316,0.359,0.0385,0.2632,0.5385,0.3462,0.0125,0.8514,0.9595,0.3378,0.7632,0.8205,0.6351,0.5
"Finns",67.5,27.5,0.1857,0.3286,0.9706,0.0429,0.0588,0.2059,0.7429,0.1857,0.1143,0.7714,0.1,0.8857,0.9143,0.7857,0.1029,0.2429,0.7857,0.8571,0.8,0.0588,0.7857,0.4714,0.3286,0.9412,0.1286,0.6765,0.6714,0.0714,0.5143,0.9143,0.3143,0.4571,0.7794,0.3,0.7429,0.1912,0.1,0.7714,0.0857,0.2714,0.7,0.6286,0.2,0.9706,0.0882,0.9143,0.2,0.3429,0.986111111111111,0.8857,0.1429,0.6143,0.8,0.0857,0.2647,0.2143,0.8,0.9429,0.8714,0.0571,0.1571,0.9571,0.8857,0.7,0.1176,0.6286,0.8429,0.0714,0.4714,0.9571,0.9143,0.1029,0.1857,0.0571,0.2143,0.8286,0.0714,0.1324,0.7647,0.1857,0.0714,0.5735,0.2714,0.1571,0.2429,0.0286,0.3571,0.0857,0.9,0.0429,0.1143,0.1,0.8,0.8571,0.0429,0.7,0.25,0.6286,0.9,0.9143,0.2,0.9,0.2,0.0469,0.1719,0.0143,0.8857,0.9571,0.0714,0.1,0.0857,0.0857,0.1,0.4265,0.0714,0.4143,0.6571,0.1029,0.7857,0.7794,0.0857,0.2143,0.9714,0.0429,0.7429,0.3143,0.1,0.9412
"Greeks",38.3,24,0.1373,0.2308,0.8942,0.0849,0.0472,0.217,0.8367,0.2353,0.0385,0.75,0.1887,0.934,0.8774,0.6509,0.0377,0.2212,0.7788,0.9808,0.8077,0.066,0.8113,0.3396,0.434,0.8019,0.0481,0.6827,0.7547,0.0377,0.7212,0.7596,0.1923,0.6038,0.8396,0.2453,0.5566,0.1792,0.1038,0.72,0.217,0.3868,0.8491,0.6633,0.1226,0.875,0.0472,0.9906,0.0918,0.1509,0.9519,0.9528,0.0755,0.7547,0.5755,0.0784,0.217,0.217,0.7308,0.9811,0.75,0.0472,0.217,0.9245,0.8962,0.6981,0.0472,0.6132,0.93,0.125,0.6509,0.9135,0.8774,0.0481,0.3922,0.0769,0.1176,0.8774,0.0566,0.1792,0.8942,0.1887,0.1321,0.4038,0.2925,0.0392,0.3208,0.0938,0.434,0.0294,0.8019,0.0755,0.0769,0.1792,0.9151,0.8627,0.0283,0.8019,0.1132,0.7255,0.8679,0.8585,0.3868,0.9245,0.217,0.0521,0.3868,0.04,0.9412,0.97,0.0769,0.2596,0.0943,0.0392,0.0755,0.2736,0.1346,0.27,0.8208,0.2358,0.7264,0.6635,0.098,0.2736,0.9717,0.0638,0.6792,0.375,0.1078,0.8
"Guihiba",5.75,-69.5,0.75,0.0417,0.7917,0.5417,0.7917,0.5417,0.0833,0.954545454545455,0.5833,0.4091,0.4167,0.2083,0.3333,0.1667,0.9167,0.1667,0.1667,0.4545,0.3333,0.8333,0.0833,0.8182,0.7727,0.0417,0.75,0.0454545454545455,0.0417,0.4583,0.6818,0.954545454545455,0.1364,0.0454545454545455,0.4583,0.6667,0.0833,0.8333,0.6667,0.3,0.0454545454545455,0.5417,0.0769,0.0454545454545455,0.8333,0.2273,0.9583,0.375,0.8636,0.875,0.1818,0.2273,0.875,0.0417,0.5,0.5,0.0454545454545455,0.75,0.5833,0.75,0.4,0.875,0.0454545454545455,0.2308,0.1667,0.1154,0.5,0.2083,0.3333,0.4167,0.375,0.0833,0.2083,0.5833,0.125,0.8182,0.8333,0.3333,0.7273,0.2083,0.3636,0.0417,0.2917,0.625,0.4583,0.7857,0.2917,0.7,0.1667,0.4583,0.9545,0.7273,0.9091,0.5417,0.0833,0.8333,0.8462,0.9583,0.7273,0.0417,0.9583,0.375,0.8077,0.1667,0.1667,0.0454545454545455,0.0455,0.0454545454545455,0.3182,0.7273,0.375,0.3182,0.5417,0.6538,0.8333,0.8333,0.8333,0.0454545454545455,0.0454545454545455,0.1154,0.4167,0.1667,0.2917,0.0833,0.75,0.6111,0.875,0.6818,0.4545,0.2727
"Hakka",28.5,113.5,0.439,0.6098,0.7317,0.2561,0.2195,0.5,0.2683,0.8293,0.4634,0.561,0.3415,0.061,0.4024,0.4756,0.5244,0.0488,0.6585,0.9878,0.4756,0.5,0.1951,0.9024,0.8293,0.2195,0.1341,0.0732,0.4024,0.1707,0.8171,0.6341,0.1341,0.2439,0.6098,0.0488,0.1463,0.3537,0.378,0.7561,0.2683,0.6951,0.2317,0.5488,0.4024,0.7805,0.5,0.8537,0.2195,0.5488,0.7195,0.6951,0.5,0.4268,0.4024,0.1585,0.1463,0.6951,0.7927,0.8415,0.6341,0.4512,0.439,0.6707,0.6341,0.3293,0.5732,0.1098,0.8049,0.3537,0.7317,0.3049,0.5122,0.4024,0.5,0.2439,0.5,0.6463,0.5,0.2683,0.2683,0.1707,0.2439,0.8171,0.2561,0.2805,0.1098,0.0244,0.4878,0.0976,0.9756,0.3537,0.7439,0.1341,0.9146,0.7073,0.2683,0.7195,0.5732,0.2317,0.988095238095238,0.378,0.4634,0.7927,0.3415,0.3415,0.15,0.2073,0.5366,0.9024,0.8293,0.3659,0.2561,0.2073,0.6829,0.561,0.622,0.2625,0.0119047619047619,0.2805,0.5244,0.4268,0.0119047619047619,0.7805,0.988095238095238,0.1585,0.9146,0.8049,0.7439,0.4756
"Han",31,110,0.42,0.68,0.71,0.3,0.22,0.54,0.17,0.84,0.44,0.51,0.48,0.02,0.36,0.45,0.55,0.13,0.6,0.994117647058824,0.53,0.4,0.17,0.91,0.82,0.29,0.22,0.16,0.34,0.13,0.85,0.65,0.17,0.13,0.71,0.08,0.14,0.29,0.35,0.74,0.24,0.66,0.21,0.61,0.49,0.78,0.47,0.78,0.22,0.63,0.67,0.68,0.57,0.41,0.52,0.18,0.09,0.7,0.82,0.84,0.63,0.55,0.48,0.65,0.72,0.33,0.55,0.09,0.82,0.4,0.76,0.34,0.58,0.44,0.6,0.21,0.41,0.68,0.43,0.27,0.35,0.12,0.27,0.82,0.33,0.34,0.14,0.1,0.47,0.14,0.96,0.36,0.68,0.14,0.91,0.63,0.29,0.76,0.49,0.28,0.994117647058824,0.45,0.37,0.83,0.43,0.37,0.16,0.2,0.52,0.88,0.71,0.3,0.23,0.3,0.67,0.59,0.54,0.28,0.01,0.21,0.52,0.42,0.00588235294117647,0.71,0.994117647058824,0.21,0.85,0.77,0.77,0.62
"Hausa",12.5,12,0.0513,0.7821,0.9487,0.5789,0.2051,0.0385,0.2838,0.8718,0.141,0.3974,0.0128,0.3684,0.6316,0.0769,0.2564,0.9744,0.9875,0.9875,0.2308,0.1026,0.8974,0.9875,0.9872,0.4872,0.0897,0.0256,0.6667,0.0897,0.0513,0.0385,0.8289,0.0513,0.2564,0.9324,0.0641,0.5128,0.4615,0.3289,0.8718,0.9231,0.3077,0.1538,0.1026,0.8462,0.0641,0.9359,0.2564,0.3919,0.7105,0.6795,0.2692,0.6154,0.0513,0.8684,0.8462,0.3462,0.3205,0.2436,0.1026,0.0125,0.6711,0.9615,0.8462,0.1026,0.5769,0.4737,0.9744,0.0125,0.0641,0.8289,0.5513,0.6538,0.9487,0.5,0.4615,0.9875,0.3205,0.8077,0.8205,0.7821,0.9231,0.9872,0.8846,0.3026,0.9744,0.0676,0.8718,0.4744,0.1026,0.0256,0.0897,0.3462,0.9875,0.1316,0.2308,0.1579,0.0125,0.2051,0.1026,0.9875,0.1795,0.7179,0.8462,0.8939,0.9744,0.8205,0.9615,0.9872,0.0897,0.8846,0.0125,0.1667,0.2821,0.0897,0.2436,0.9487,0.0513,0.9875,0.0641,0.0128,0.0125,0.859,0.9875,0.1538,0.0385,0.9737,0.3205,0.2564
"Hungarian",47,19.5,0.118,0.3708,0.9551,0.0618,0.0843,0.1348,0.8034,0.2921,0.0843,0.7921,0.0562,0.8989,0.9045,0.6461,0.0618,0.2416,0.809,0.9663,0.8596,0.0739,0.8764,0.4551,0.3483,0.882,0.073,0.7247,0.7528,0.0899,0.5787,0.8146,0.2528,0.5169,0.7921,0.3708,0.6629,0.1629,0.0899,0.6685,0.2303,0.2247,0.8371,0.5843,0.142,0.9101,0.0562,0.9326,0.0747,0.1854,0.9607,0.9438,0.0899,0.6573,0.6124,0.0787,0.236,0.2416,0.8146,0.9494,0.8146,0.0056,0.2247,0.8989,0.8258,0.6517,0.0843,0.7079,0.9326,0.1067,0.6011,0.9101,0.9213,0.0955,0.3258,0.0562,0.0843,0.8933,0.1011,0.1534,0.8258,0.1348,0.0674,0.3989,0.309,0.0449,0.3539,0.0568,0.382,0.0337,0.8202,0.073,0.0506,0.1629,0.927,0.8708,0.0787,0.7135,0.1124,0.6798,0.9045,0.882,0.3371,0.8652,0.2022,0.0455,0.3046,0.0281,0.9157,0.9831,0.0899,0.2416,0.0449,0.0393,0.0618,0.309,0.0393,0.3258,0.7191,0.2191,0.7191,0.6742,0.0449,0.264,0.9213,0.1023,0.6573,0.3933,0.1067,0.8596
"Ibo",6,7.5,0.0625,0.8229,0.9688,0.5729,0.1979,0.0104,0.3125,0.875,0.1042,0.3958,0.0208,0.2917,0.5729,0.0102040816326531,0.2083,0.989795918367347,0.989795918367347,0.989795918367347,0.1771,0.1277,0.8229,0.989795918367347,0.9896,0.4348,0.0938,0.0102040816326531,0.7188,0.0208,0.0938,0.0312,0.7812,0.0208,0.1667,0.9688,0.0833,0.4062,0.4583,0.3229,0.9792,0.9896,0.3125,0.1042,0.0625,0.8646,0.0521,0.9255,0.3804,0.3646,0.6064,0.5,0.2396,0.625,0.0208,0.8511,0.8125,0.3438,0.1875,0.1979,0.0833,0.0102040816326531,0.8542,0.9271,0.8229,0.0833,0.6042,0.4062,0.9583,0.0102040816326531,0.0102040816326531,0.7708,0.5417,0.625,0.9894,0.4896,0.4375,0.989795918367347,0.2292,0.8333,0.8229,0.8542,0.9792,0.9479,0.9896,0.2708,0.989795918367347,0.0957,0.9479,0.6458,0.0625,0.0729,0.0833,0.3936,0.9688,0.1458,0.1875,0.1146,0.0102040816326531,0.0638,0.0957,0.9688,0.1562,0.7812,0.9271,0.9348,0.9583,0.8125,0.989795918367347,0.9688,0.0521,0.9583,0.0102040816326531,0.1562,0.2447,0.1146,0.2083,0.9688,0.0312,0.989795918367347,0.0625,0.0102040816326531,0.0102040816326531,0.9271,0.989795918367347,0.1875,0.0208,0.989795918367347,0.3854,0.1771
"Indian, Mixed",21.5,82.5,0.1172,0.3281,0.9113,0.0397,0.0635,0.3984,0.5703,0.4531,0.1797,0.7812,0.25,0.8984,0.6833,0.4016,0.0781,0.4766,0.9206,0.9922,0.75,0.0859,0.6032,0.6875,0.5574,0.6406,0.0703,0.4531,0.6406,0.0397,0.6293,0.6667,0.0938,0.2344,0.7422,0.2258,0.5278,0.2656,0.1532,0.6484,0.246,0.4531,0.5625,0.8145,0.125,0.7903,0.1667,0.9365,0.1417,0.2787,0.8281,0.8984,0.2339,0.7188,0.3413,0.1032,0.125,0.373,0.8254,0.8984,0.6094,0.2266,0.2969,0.8651,0.8016,0.4297,0.254,0.6484,0.9531,0.2969,0.5556,0.7937,0.6172,0.254,0.4274,0.2177,0.2734,0.7698,0.2063,0.2344,0.623,0.246,0.1048,0.7339,0.3016,0.1016,0.1953,0.0625,0.3952,0.0312,0.9194,0.2188,0.1825,0.1172,0.9597,0.6953,0.1953,0.7619,0.3594,0.5635,0.8672,0.8033,0.2812,0.8115,0.2946,0.2266,0.2656,0.0547,0.7031,0.881,0.3594,0.1484,0.2188,0.0234,0.254,0.4219,0.1855,0.4048,0.2188,0.2069,0.5312,0.5984,0.0234,0.5714,0.9839,0.1746,0.5156,0.6746,0.2459,0.6825
"Irish",53.5,-8.5,0.2368,0.2412,0.9342,0.0175,0.0482,0.1535,0.807,0.2675,0.0439,0.7105,0.057,0.9342,0.8947,0.7389,0.0658,0.3026,0.7982,0.9474,0.885,0.0702,0.8465,0.4254,0.3114,0.9211,0.0487,0.7412,0.7281,0.114,0.5746,0.807,0.2982,0.6009,0.8009,0.4518,0.6667,0.1947,0.0746,0.6798,0.2719,0.25,0.8816,0.7018,0.136,0.8947,0.0526,0.9254,0.1272,0.1228,0.9693,0.943,0.0877,0.6842,0.557,0.0482,0.2851,0.2544,0.7851,0.9825,0.8319,0.057,0.1316,0.9336,0.7149,0.6886,0.0965,0.7281,0.9079,0.136,0.6754,0.9469,0.8938,0.1239,0.2611,0.0833,0.0965,0.8947,0.114,0.1096,0.9123,0.1754,0.1184,0.4737,0.2895,0.0575,0.2719,0.0307,0.3496,0.0175,0.823,0.1009,0.0575,0.1272,0.9518,0.885,0.0395,0.7193,0.1667,0.7544,0.9123,0.9211,0.2719,0.8772,0.2061,0.0734,0.2902,0.0088,0.8717,0.9912,0.057,0.2054,0.0482,0.0265,0.0746,0.2719,0.1416,0.2743,0.7281,0.1184,0.7149,0.708,0.0263,0.2939,0.9079,0.0619,0.5796,0.2832,0.1184,0.886
"Italians",42.45,12.75,0.1176,0.2616,0.954,0.0739,0.0238,0.2159,0.881,0.2805,0.1023,0.75,0.0955,0.9663,0.9101,0.6236,0.0787,0.2209,0.8647,0.9651,0.8372,0.0618,0.8202,0.4412,0.4602,0.8779,0.0575,0.7,0.7753,0.1011,0.6294,0.7386,0.2616,0.5698,0.8258,0.3276,0.5674,0.2273,0.0632,0.7209,0.2584,0.3125,0.8736,0.6488,0.142,0.8547,0.0449,0.9186,0.0488,0.1264,0.977,0.9128,0.073,0.6875,0.5862,0.1205,0.2784,0.2443,0.7738,0.9831,0.7824,0.046,0.2083,0.927,0.8523,0.764,0.0955,0.7326,0.954,0.0787,0.6149,0.8876,0.8933,0.0795,0.4012,0.046,0.0941,0.9157,0.0449,0.1307,0.8908,0.1534,0.0966,0.2809,0.2614,0.0549,0.264,0.0192,0.3295,0.023,0.75,0.0852,0.0747,0.1163,0.9551,0.8855,0.0618,0.7079,0.118,0.7159,0.9205,0.8523,0.3708,0.9253,0.25,0.0843,0.4167,0.0287,0.8882,0.9719,0.1105,0.2209,0.0511,0.0169,0.0805,0.25,0.1573,0.3036,0.7588,0.2303,0.7898,0.6012,0.064,0.2911,0.9655,0.0361,0.593,0.3864,0.122,0.8146
"Japanese",38,138,0.37,0.69,0.71,0.32,0.16,0.59,0.23,0.88,0.47,0.44,0.48,0.07,0.13,0.41,0.43,0.11,0.59,0.99,0.44,0.44,0.18,0.88,0.77,0.13,0.2,0.13,0.47,0.12,0.85,0.7,0.19,0.09,0.69,0.08,0.1,0.34,0.3,0.75,0.17,0.46,0.27,0.62,0.42,0.67,0.44,0.8,0.2,0.58,0.67,0.51,0.49,0.5,0.45,0.14,0.09,0.78,0.87,0.81,0.67,0.58,0.34,0.74,0.6,0.31,0.68,0.11,0.73,0.33,0.66,0.39,0.61,0.36,0.54,0.2,0.37,0.81,0.47,0.27,0.31,0.2,0.27,0.8,0.2,0.24,0.12,0.13,0.49,0.15,0.98,0.49,0.71,0.17,0.88,0.59,0.29,0.81,0.44,0.23,0.994252873563218,0.55,0.38,0.65,0.43,0.37,0.22,0.11,0.48,0.84,0.78,0.2,0.16,0.19,0.8,0.52,0.6,0.26,0.00574712643678161,0.24,0.54,0.46,0.01,0.65,0.99,0.19,0.83,0.71,0.9,0.46
"Jews, Ethiopian",13.5,37.5,0.0625,0.5781,0.9375,0.2812,0.125,0.1875,0.3438,0.7031,0.125,0.4062,0.1406,0.6406,0.6719,0.2344,0.1406,0.5156,0.9688,0.984848484848485,0.3594,0.0938,0.7812,0.7656,0.8125,0.7969,0.2031,0.3438,0.75,0.0151515151515152,0.3125,0.25,0.3906,0.5625,0.4531,0.7188,0.3438,0.2969,0.2969,0.6406,0.625,0.75,0.6875,0.3594,0.0938,0.8281,0.0151515151515152,0.984848484848485,0.1562,0.25,0.8594,0.5938,0.25,0.7031,0.2812,0.3281,0.6094,0.3281,0.4531,0.5625,0.3438,0.0312,0.2969,0.9062,0.9219,0.5469,0.4688,0.625,0.9531,0.0781,0.1875,0.7031,0.8906,0.2903,0.8438,0.25,0.3594,0.9531,0.1875,0.5938,0.8281,0.6562,0.6094,0.8438,0.7188,0.1875,0.6562,0.0625,0.6406,0.0781,0.4531,0.1875,0.1562,0.2188,0.984848484848485,0.4062,0.2656,0.4062,0.0312,0.6406,0.6406,0.9844,0.4062,0.6562,0.6719,0.4516,0.5161,0.5,0.9219,0.7812,0.2188,0.4375,0.0625,0.0938,0.1094,0.2188,0.0781,0.5938,0.4531,0.6094,0.3281,0.2969,0.0151515151515152,0.5625,0.984848484848485,0.0312,0.3438,0.875,0.3594,0.3906
"Jews, Yemenite",15,48,0.0581,0.2209,0.9419,0.0698,0.0465,0.2209,0.7442,0.5116,0.1628,0.7093,0.093,0.9419,0.8372,0.4651,0.0113636363636364,0.1512,0.9535,0.9535,0.7674,0.0116,0.8023,0.6628,0.5116,0.7907,0.1163,0.6512,0.8256,0.0349,0.5465,0.4535,0.4535,0.7907,0.7093,0.5,0.4535,0.1395,0.093,0.8023,0.4535,0.6744,0.9302,0.5465,0.186,0.7558,0.0116,0.9651,0.1744,0.1163,0.9419,0.9651,0.0698,0.814,0.5116,0.0116,0.2907,0.1977,0.4767,0.9186,0.5581,0.0233,0.2093,0.9651,0.8837,0.907,0.1047,0.7442,0.988636363636364,0.1047,0.4186,0.9651,0.8953,0.1163,0.7326,0.093,0.1047,0.9651,0.1047,0.3372,0.814,0.3372,0.1512,0.5233,0.1163,0.0465,0.3721,0.1047,0.4767,0.0113636363636364,0.6395,0.0814,0.0581,0.186,0.9884,0.7442,0.0814,0.6628,0.093,0.7209,0.9419,0.8721,0.2558,0.8372,0.3256,0.2209,0.2024,0.119,0.8721,0.9651,0.093,0.1628,0.0113636363636364,0.0465,0.0698,0.3023,0.1047,0.186,0.7558,0.3256,0.8256,0.5,0.0113636363636364,0.2791,0.988636363636364,0.093,0.4405,0.4884,0.1279,0.4286
"Kachari",27.25,94.75,0.2647,0.4412,0.9118,0.0294,0.1471,0.3235,0.3529,0.5625,0.2812,0.8235,0.25,0.8529,0.7647,0.5882,0.3929,0.2353,0.9375,0.972222222222222,0.5294,0.0588,0.7353,0.5588,0.5882,0.4118,0.0588,0.5294,0.5588,0.1176,0.6765,0.7941,0.1765,0.2353,0.5,0.0588,0.6765,0.2059,0.3235,0.5588,0.1765,0.4706,0.4375,0.7941,0.1765,0.7941,0.5,0.7647,0.1154,0.3824,0.7941,0.9062,0.5294,0.7353,0.4118,0.1765,0.0882,0.5588,0.7941,0.7647,0.6875,0.2647,0.4688,0.7059,0.5588,0.4412,0.2941,0.5882,0.5882,0.3235,0.4706,0.5625,0.7353,0.2353,0.5625,0.2059,0.3824,0.8235,0.3214,0.0294,0.4,0.0882,0.2353,0.5882,0.3824,0.1471,0.1562,0.1176,0.2941,0.0588,0.7941,0.2353,0.3235,0.0277777777777778,0.9412,0.8235,0.1471,0.7647,0.6176,0.4375,0.8824,0.8529,0.3235,0.6471,0.2941,0.0588,0.5,0.1471,0.4412,0.8667,0.3235,0.1765,0.3235,0.1765,0.3438,0.4706,0.2353,0.5588,0.2941,0.1765,0.4706,0.5294,0.0277777777777778,0.9118,0.972222222222222,0.3214,0.5882,0.5882,0.2647,0.5588
"Kanuri",12,13.5,0.0435,0.8478,0.9348,0.543,0.13,0.087,0.3182,0.7391,0.065,0.3913,0.1087,0.3261,0.5952,0.023,0.2609,0.8696,0.979166666666667,0.979166666666667,0.295,0.1739,0.636,0.979166666666667,0.9286,0.587,0.0714,0.0208333333333333,0.75,0.1304,0.0435,0.087,0.8696,0.087,0.1522,0.979166666666667,0.0217,0.4565,0.625,0.174,0.9348,0.979166666666667,0.3696,0.152,0.0652,0.87,0.068,0.957,0.391,0.3409,0.739,0.5,0.2273,0.5652,0.087,0.8261,0.841,0.3095,0.2826,0.239,0.0652,0.0208333333333333,0.6739,0.8261,0.75,0.0652,0.587,0.3864,0.9783,0.0208333333333333,0.1136,0.6739,0.6304,0.6818,0.979166666666667,0.4545,0.375,0.979166666666667,0.3913,0.7273,0.8696,0.8333,0.8261,0.8696,0.8913,0.087,0.979166666666667,0.0682,0.9737,0.4783,0.1087,0.1739,0.0435,0.3636,0.979166666666667,0.075,0.2609,0.1111,0.0208333333333333,0.0909,0.1957,0.9783,0.3261,0.6957,0.913,0.8864,0.979166666666667,0.8182,0.979166666666667,0.979166666666667,0.0652,0.9565,0.0208333333333333,0.1364,0.2273,0.0217,0.087,0.9565,0.0217,0.9783,0.0208333333333333,0.0938,0.0227,0.8696,0.979166666666667,0.1591,0.0238,0.979166666666667,0.3043,0.3182
"Karitiana",-9.25,-64.25,0.9455,0.3545,0.4182,0.8818,0.6545,0.7636,0.1182,0.991071428571429,0.8273,0.00892857142857143,0.6364,0.00892857142857143,0.2545,0.0455,0.6545,0.1091,0.3491,0.6204,0.8091,0.8889,0.00892857142857143,0.9273,0.8981,0.1545,0.7091,0.2091,0.00892857142857143,0.5364,0.8818,0.991071428571429,0.2778,0.00892857142857143,0.4818,0.5818,0.1182,0.5455,0.6296,0.0364,0.00892857142857143,0.1455,0.0091,0.4352,0.991071428571429,0.3364,0.9364,0.5545,0.9057,0.9909,0.0727,0.5636,0.9,0.0648,0.2909,0.7818,0.00892857142857143,0.9455,0.8545,0.9727,0.9909,0.4455,0.0091,0.5636,0.3241,0.0455,0.7364,0.0636,0.3727,0.8091,0.3545,0.3455,0.0091,0.7273,0.0091,0.5182,0.6818,0.3273,0.9455,0.1,0.1455,0.0091,0.6545,0.4455,0.7545,0.1944,0.1182,0.5648,0.3364,0.4545,0.8333,0.9455,0.6636,0.9273,0.037,0.6909,0.7545,0.991071428571429,0.6364,0.0364,0.8704,0.7636,0.4444,0.1182,0.3,0.0686,0.00892857142857143,0.0091,0.0273,0.1944,0.1091,0.2315,0.8818,0.3704,0.9545,0.991071428571429,0.5636,0.0182,0.00892857142857143,0.1455,0.5455,0.1182,0.7182,0.2364,0.2273,0.7,0.991071428571429,0.7273,0.463,0.5727
"Kazakh",48.5,65,0.2283,0.4419,0.8696,0.2386,0.1951,0.4432,0.5,0.4667,0.2209,0.6023,0.3095,0.5227,0.5625,0.6098,0.3295,0.1047,0.7222,0.9767,0.4889,0.25,0.3977,0.8095,0.6548,0.4,0.0795,0.3256,0.407,0.1591,0.7558,0.8068,0.2159,0.2558,0.825,0.1136,0.4432,0.2976,0.3095,0.7317,0.1705,0.4535,0.4286,0.6,0.3295,0.8068,0.3636,0.8636,0.0889,0.5125,0.7976,0.4773,0.4535,0.6786,0.6341,0.1395,0.0714,0.5897,0.98936170212766,0.7955,0.6711,0.3409,0.3617,0.775,0.7159,0.4091,0.3523,0.2927,0.6932,0.234,0.6932,0.5568,0.5875,0.4125,0.4524,0.1023,0.3452,0.625,0.2143,0.2841,0.6023,0.2841,0.1932,0.5238,0.2614,0.1429,0.25,0.119,0.4048,0.125,0.9205,0.2727,0.4659,0.2273,0.8182,0.814,0.3043,0.7273,0.4659,0.407,0.9651,0.5732,0.3409,0.7841,0.4891,0.0106382978723404,0.2273,0.1023,0.7093,0.9767,0.4146,0.2955,0.2386,0.25,0.3947,0.5625,0.325,0.25,0.2083,0.2558,0.631,0.7059,0.0444,0.4362,0.9651,0.2234,0.7955,0.5795,0.6023,0.7234
"Keralite",10.5,76.25,0.1833,0.4,0.9167,0.1167,0.0167,0.4,0.55,0.4667,0.2167,0.7667,0.25,0.9,0.6833,0.4,0.0833,0.4167,0.9833,0.983870967741935,0.7167,0.069,0.5,0.7167,0.6667,0.5167,0.1667,0.4,0.65,0.0667,0.55,0.6333,0.1833,0.1667,0.8,0.3833,0.55,0.1167,0.1667,0.5667,0.2167,0.6379,0.7,0.6833,0.2,0.7333,0.2,0.9833,0.1833,0.4,0.8,0.85,0.2833,0.6667,0.3667,0.1667,0.1,0.3167,0.75,0.7833,0.65,0.2333,0.1667,0.8167,0.7833,0.3167,0.3167,0.5,0.95,0.3667,0.55,0.8276,0.6167,0.15,0.4833,0.1833,0.2,0.85,0.2,0.3167,0.65,0.1833,0.1167,0.6,0.3333,0.1,0.2667,0.0833,0.45,0.0667,0.8833,0.1167,0.1552,0.2,0.95,0.6552,0.15,0.7833,0.3667,0.5667,0.85,0.6667,0.3,0.75,0.3,0.3333,0.3077,0.0667,0.6167,0.8,0.25,0.1,0.05,0.0333,0.1333,0.4,0.1833,0.45,0.1667,0.3,0.6167,0.5333,0.0167,0.6167,0.983870967741935,0.1552,0.5,0.7,0.35,0.6
"Khamba",28.5,98,0.4107,0.7586,0.8148,0.1667,0.1034,0.45,0.2167,0.8793,0.3036,0.7667,0.3667,0.1552,0.5893,0.3571,0.5893,0.08,0.6379,0.982758620689655,0.6897,0.2931,0.15,0.8621,0.7759,0.1458,0.1667,0.2667,0.4828,0.0536,0.8333,0.6667,0.2414,0.0893,0.6552,0.0172413793103448,0.3793,0.2931,0.2931,0.75,0.2241,0.7,0.3704,0.4483,0.569,0.7586,0.6207,0.7241,0.2742,0.5862,0.7143,0.5536,0.7037,0.5769,0.4828,0.1207,0.0172413793103448,0.9138,0.982758620689655,0.7143,0.6346,0.5167,0.5469,0.7857,0.625,0.3103,0.6552,0.1667,0.7586,0.2586,0.6964,0.5,0.5926,0.56,0.5667,0.1607,0.4821,0.6379,0.3214,0.3,0.2321,0.1897,0.4643,0.4828,0.3966,0.35,0.1034,0.1724,0.5,0.1667,0.9828,0.3148,0.65,0.2407,0.8793,0.6667,0.3125,0.75,0.4667,0.2414,0.982758620689655,0.3036,0.5,0.6724,0.5172,0.0172413793103448,0.3077,0.1034,0.569,0.96,0.4667,0.2167,0.1607,0.1724,0.75,0.5571,0.5517,0.25,0.0606,0.2143,0.55,0.2593,0.0172413793103448,0.5536,0.9821,0.2969,0.7667,0.8793,0.8833,0.5882
"Khanty",63,76.5,0.3,0.35,0.82,0.27,0.16,0.49,0.46,0.48,0.17,0.83,0.11,0.43,0.68,0.44,0.34,0.1,0.64,0.95,0.7143,0.15,0.4,0.78,0.5,0.6837,0.0918,0.33,0.55,0.06,0.68,0.96,0.31,0.2449,0.75,0.2551,0.65,0.28,0.07,0.71,0.27,0.3,0.37,0.62,0.2041,0.89,0.16,0.85,0.06,0.63,0.78,0.59,0.31,0.73,0.49,0.2449,0.1,0.51,0.88,0.69,0.88,0.37,0.25,0.76,0.71,0.43,0.19,0.5306,0.65,0.1327,0.52,0.55,0.66,0.2959,0.52,0.01,0.28,0.81,0.21,0.18,0.5714,0.2,0.14,0.64,0.43,0.6,0.68,0.06,0.2292,0.14,0.81,0.38,0.22,0.0816,0.71,0.67,0.11,0.72,0.45,0.4184,0.97,0.59,0.56,0.74,0.37,0.3,0.1633,0.01,0.73,0.990196078431373,0.29,0.23,0.37,0.27,0.46,0.59,0.102,0.23,0.33,0.1,0.551,0.53,0.00980392156862745,0.55,0.96,0.1735,0.81,0.46,0.66,0.74
"Komi-Zyrian",64,56,0.2447,0.2766,0.9043,0.0213,0.1383,0.234,0.837,0.117,0.0851,0.6413,0.0638,0.9362,0.7979,0.8191,0.1596,0.1809,0.8085,0.9149,0.7979,0.0745,0.7128,0.4457,0.3298,0.8723,0.0638,0.6277,0.5426,0.0638,0.5319,0.913,0.3191,0.5435,0.8085,0.4681,0.7234,0.0851,0.0213,0.5957,0.0532,0.234,0.8617,0.6915,0.3617,0.9681,0.0426,0.734,0.1915,0.3723,0.9468,0.9362,0.3723,0.7766,0.4468,0.1196,0.2021,0.1596,0.9255,0.9149,0.9457,0.2872,0.1383,0.734,0.7979,0.6809,0.1809,0.7872,0.7447,0.1064,0.6915,0.8298,0.8298,0.0543,0.3723,0.1809,0.2283,0.8936,0.3617,0.1702,0.8617,0.1809,0.0957,0.5217,0.2872,0.2447,0.4043,0.0532,0.2234,0.0532,0.9149,0.0532,0.0638,0.1596,0.766,0.9149,0.1915,0.6596,0.2766,0.5851,0.8404,0.7872,0.3511,0.8936,0.2979,0.1222,0.1778,0.1489,0.883,0.989583333333333,0.1064,0.0957,0.1809,0.0426,0.0426,0.4362,0.1915,0.3404,0.6809,0.2021,0.6064,0.7935,0.0104166666666667,0.3723,0.989583333333333,0.0426,0.6277,0.1064,0.4255,0.8478
"Koreans",38.75,127.5,0.2778,0.5648,0.75,0.2685,0.1852,0.5926,0.1389,0.8981,0.4722,0.5278,0.4722,0.0648,0.2778,0.3704,0.5093,0.0833,0.6019,0.9907,0.4074,0.3704,0.1759,0.8981,0.8148,0.1852,0.2593,0.1759,0.4815,0.1667,0.8426,0.6481,0.213,0.1389,0.7407,0.1759,0.0741,0.3056,0.2963,0.787,0.1667,0.4815,0.2778,0.6226,0.5648,0.7685,0.4352,0.7963,0.1574,0.5648,0.8056,0.4907,0.5833,0.5185,0.4537,0.0926,0.1389,0.7222,0.8241,0.9167,0.6296,0.5556,0.463,0.7037,0.6481,0.3519,0.5833,0.0926,0.7685,0.4074,0.6852,0.3981,0.537,0.3704,0.4444,0.2407,0.4722,0.6481,0.463,0.213,0.287,0.1296,0.3302,0.6852,0.2778,0.287,0.1389,0.0648,0.5377,0.1111,0.9815,0.4722,0.7685,0.1226,0.9352,0.6389,0.287,0.7593,0.5926,0.2222,0.990909090909091,0.4444,0.5,0.713,0.4722,0.3396,0.1698,0.1296,0.4815,0.9167,0.6852,0.2642,0.287,0.2315,0.7593,0.6296,0.5463,0.2315,0.00909090909090909,0.2037,0.537,0.4722,0.00909090909090909,0.7037,0.990909090909091,0.2642,0.8611,0.7407,0.8611,0.5185
"Kuwaiti",29,47.5,0.125,0.375,0.875,0.0625,0.0625,0.2188,0.5625,0.3125,0.125,0.7812,0.0294117647058824,0.5938,0.9062,0.4062,0.1562,0.4688,0.9375,0.970588235294118,0.75,0.0938,0.8125,0.6538,0.7188,0.5625,0.0938,0.3125,0.6875,0.1562,0.5,0.5625,0.1562,0.2812,0.5312,0.3125,0.625,0.1875,0.25,0.6875,0.2188,0.7188,0.8,0.4333,0.1667,0.8125,0.0625,0.9375,0.2188,0.2188,0.9688,0.9375,0.0625,0.6875,0.4062,0.2188,0.3125,0.1875,0.8125,0.8125,0.5667,0.0938,0.25,0.9062,0.875,0.5,0.1875,0.6875,0.9688,0.0938,0.5625,0.7812,0.875,0.125,0.4375,0.0625,0.1333,0.8438,0.0938,0.25,0.7812,0.4062,0.1875,0.5,0.4062,0.2188,0.4062,0.0333,0.4062,0.0312,0.6667,0.0312,0.1429,0.1562,0.9688,0.7812,0.125,0.5625,0.0312,0.4375,0.8125,0.6875,0.3438,0.9062,0.375,0.2188,0.375,0.1333,0.8125,0.9688,0.2812,0.4062,0.125,0.0294117647058824,0.1875,0.2812,0.1562,0.2812,0.625,0.4375,0.7188,0.5938,0.0294117647058824,0.4333,0.970588235294118,0.0312,0.5625,0.5625,0.375,0.6875
"Lao Loum",18.5,103.75,0.3613,0.6303,0.7437,0.1345,0.0714,0.521,0.2521,0.8529,0.4328,0.5504,0.3403,0.0798,0.3782,0.3529,0.5294,0.1429,0.6807,0.995833333333333,0.5378,0.4412,0.2773,0.8571,0.8529,0.2521,0.1134,0.0297,0.3487,0.2227,0.8178,0.479,0.1229,0.1933,0.7143,0.0714,0.1681,0.3361,0.3983,0.5966,0.2521,0.5975,0.2521,0.6186,0.4286,0.7119,0.4664,0.7017,0.2034,0.4286,0.8277,0.7521,0.5,0.5588,0.4958,0.2101,0.0714,0.7311,0.8571,0.7857,0.7101,0.5084,0.3109,0.6568,0.5336,0.3305,0.5168,0.1471,0.7689,0.3908,0.6933,0.4622,0.453,0.3655,0.4832,0.2185,0.458,0.6975,0.4454,0.2101,0.2731,0.2712,0.1723,0.7227,0.3235,0.3051,0.1387,0.0336,0.4958,0.1271,0.9538,0.3529,0.6695,0.1398,0.9454,0.6949,0.1387,0.7712,0.5169,0.3571,0.9874,0.3403,0.3824,0.7983,0.2437,0.3347,0.1807,0.1356,0.5504,0.9244,0.8613,0.4034,0.3908,0.1681,0.4748,0.4916,0.6092,0.3782,0.0462,0.2991,0.4916,0.4286,0.0042,0.7773,0.995833333333333,0.2222,0.6891,0.6261,0.589,0.5924
"Li",19.25,109.75,0.6574,0.69,0.7182,0.25,0.1531,0.5,0.1909,0.8364,0.3269,0.5114,0.3333,0.213,0.3585,0.2959,0.2656,0.1132,0.6909,0.990909090909091,0.5172,0.36,0.3273,0.9182,0.8241,0.1818,0.0588,0.0556,0.4815,0.1196,0.7547,0.5588,0.1944,0.1458,0.7115,0.14,0.2407,0.2391,0.3922,0.7872,0.2909,0.7037,0.337,0.5887,0.449,0.7386,0.3868,0.8056,0.2619,0.5636,0.7692,0.8302,0.51,0.3173,0.4615,0.2805,0.0833,0.6961,0.81,0.7347,0.6759,0.5182,0.4623,0.5566,0.4804,0.2364,0.5741,0.1875,0.875,0.3611,0.6538,0.4815,0.4787,0.2857,0.4904,0.2596,0.4545,0.6538,0.4444,0.1333,0.4203,0.1981,0.1727,0.6698,0.3302,0.2195,0.19,0.0189,0.5208,0.1,0.990909090909091,0.2788,0.6509,0.1765,0.9727,0.7209,0.14,0.6481,0.5,0.4167,0.990909090909091,0.3529,0.4259,0.7037,0.2925,0.00909090909090909,0.2059,0.1837,0.602,0.8962,0.8173,0.4434,0.2857,0.2308,0.6,0.4182,0.6273,0.5182,0.0446,0.4327,0.3923,0.598,0.00909090909090909,0.8818,0.92,0.25,0.5755,0.6122,0.7596,0.6
"Lisongo",7.75,20.5,0.0555555555555556,0.875,0.944444444444444,0.6875,0.0625,0.0555555555555556,0.1429,0.6875,0.375,0.375,0.0555555555555556,0.4375,0.875,0.0555555555555556,0.25,0.944444444444444,0.944444444444444,0.944444444444444,0.3125,0.125,0.75,0.944444444444444,0.944444444444444,0.5625,0.125,0.0555555555555556,0.75,0.0625,0.0555555555555556,0.0555555555555556,0.6429,0.0555555555555556,0.375,0.944444444444444,0.125,0.4375,0.3125,0.4375,0.875,0.944444444444444,0.125,0.1875,0.0555555555555556,0.944444444444444,0.125,0.9286,0.1875,0.3125,0.6429,0.25,0.375,0.625,0.0555555555555556,0.8125,0.875,0.4375,0.25,0.25,0.0625,0.0555555555555556,0.625,0.944444444444444,0.875,0.0555555555555556,0.5,0.5625,0.9286,0.0555555555555556,0.0555555555555556,0.625,0.3125,0.8125,0.875,0.5,0.5625,0.944444444444444,0.3125,0.944444444444444,0.625,0.8125,0.9375,0.9375,0.875,0.3125,0.944444444444444,0.0714,0.875,0.6875,0.4375,0.0555555555555556,0.0555555555555556,0.375,0.944444444444444,0.375,0.4375,0.3125,0.0555555555555556,0.0625,0.0625,0.944444444444444,0.3125,0.75,0.944444444444444,0.9375,0.944444444444444,0.9375,0.944444444444444,0.9375,0.0625,0.9375,0.0555555555555556,0.125,0.1875,0.0555555555555556,0.0625,0.9375,0.0555555555555556,0.9375,0.0555555555555556,0.0555555555555556,0.0555555555555556,0.875,0.944444444444444,0.125,0.0555555555555556,0.944444444444444,0.375,0.1875
"Malaysians",4,109.5,0.3,0.7273,0.8182,0.0455,0.0909,0.3636,0.2727,0.8636,0.5455,0.8182,0.1364,0.2273,0.2273,0.5909,0.2727,0.1818,0.8182,0.954545454545455,0.3636,0.4545,0.5,0.9545,0.5909,0.5909,0.2727,0.0455,0.2273,0.0909,0.5455,0.3182,0.0455,0.1364,0.8182,0.0454545454545455,0.4091,0.2273,0.1818,0.5,0.3182,0.4545,0.1818,0.7,0.4545,0.6818,0.1818,0.7273,0.0454545454545455,0.4091,0.8182,0.8636,0.4091,0.6364,0.3636,0.3636,0.0909,0.8636,0.9091,0.8636,0.8333,0.6364,0.0909,0.6818,0.5455,0.3636,0.1364,0.6364,0.954545454545455,0.2,0.6818,0.6364,0.3636,0.5455,0.0909,0.1818,0.3636,0.5455,0.3182,0.2273,0.6364,0.4545,0.1364,0.6818,0.2727,0.2273,0.3182,0.0454545454545455,0.5,0.0909,0.954545454545455,0.2727,0.6364,0.2727,0.954545454545455,0.4091,0.1364,0.6818,0.3182,0.2273,0.954545454545455,0.4091,0.6364,0.6818,0.2727,0.5,0.1818,0.2727,0.6818,0.9091,0.6364,0.0909,0.3182,0.1818,0.5455,0.3636,0.4545,0.55,0.1364,0.1818,0.4545,0.4545,0.0454545454545455,0.6818,0.954545454545455,0.5,0.6818,0.8182,0.5909,0.7273
"Masai",-2.5,35.5,0.05,0.825,0.925,0.625,0.175,0.075,0.325,0.725,0.075,0.4,0.0238095238095238,0.4,0.625,0.05,0.2,0.9474,0.976190476190476,0.976190476190476,0.425,0.125,0.775,0.976190476190476,0.975,0.6,0.025,0.05,0.75,0.15,0.2,0.15,0.65,0.1,0.25,0.95,0.075,0.225,0.525,0.25,0.85,0.9,0.45,0.175,0.0238095238095238,0.75,0.075,0.975,0.25,0.2,0.5,0.575,0.3,0.775,0.025,0.8,0.65,0.325,0.225,0.25,0.15,0.0238095238095238,0.725,0.9,0.65,0.225,0.725,0.3,0.95,0.0238095238095238,0.1,0.6,0.7,0.65,0.9,0.4,0.3,0.976190476190476,0.3,0.825,0.875,0.775,0.85,0.85,0.875,0.225,0.875,0.075,0.925,0.5,0.25,0.075,0.125,0.525,0.976190476190476,0.175,0.15,0.175,0.025,0.25,0.15,0.925,0.225,0.75,0.775,0.775,0.85,0.5,0.975,0.9,0.05,0.95,0.0238095238095238,0.175,0.15,0.1,0.25,0.85,0.1316,0.825,0.05,0.1,0.0238095238095238,0.75,0.976190476190476,0.1,0.15,0.95,0.3421,0.2
"Maya, Yucatan",19,-89,0.8431,0.1275,0.6176,0.6176,0.6569,0.5784,0.2647,0.93,0.6275,0.1346,0.5588,0.1373,0.402,0.1569,0.6078,0.1863,0.3431,0.4902,0.6471,0.7255,0.2157,0.7353,0.8039,0.3529,0.598,0.1667,0.0865,0.4706,0.598,0.9412,0.1373,0.098,0.6176,0.43,0.2941,0.7745,0.5392,0.1827,0.0588,0.3824,0.2212,0.1635,0.8529,0.5784,0.6275,0.3235,0.79,0.75,0.2549,0.5196,0.7647,0.098,0.4118,0.6531,0.049,0.79,0.8137,0.7451,0.8431,0.6538,0.0588,0.4216,0.1961,0.2843,0.6176,0.11,0.5196,0.5,0.1373,0.2451,0.2157,0.598,0.1765,0.5098,0.7353,0.4118,0.5882,0.1078,0.2745,0.049,0.5294,0.71,0.35,0.4216,0.1569,0.4216,0.1765,0.6827,0.9216,0.6373,0.7647,0.7647,0.51,0.6373,0.66,0.9412,0.7647,0.2353,0.8922,0.3627,0.7843,0.3333,0.47,0.08,0.1078,0.05,0.2941,0.6471,0.598,0.3725,0.4216,0.549,0.8824,0.72,0.7059,0.07,0.1373,0.0882,0.27,0.4118,0.36,0.3431,0.6275,0.6373,0.8333,0.6961,0.65,0.3173
"Mbuti",1.5,28,0.0256,0.9211,0.9875,0.3289,0.0256,0.0256,0.1282,0.7821,0.0641,0.0769,0.0385,0.5,0.7692,0.0128,0.1282,0.9875,0.9875,0.9875,0.3333,0.0641,0.6579,0.9875,0.9875,0.7895,0.0897,0.0125,0.6538,0.1923,0.1026,0.1282,0.7821,0.0128,0.1026,0.9875,0.0385,0.5513,0.4744,0.2308,0.9615,0.8974,0.1923,0.2949,0.1154,0.9342,0.0385,0.8846,0.1184,0.5263,0.5,0.5641,0.0769,0.3846,0.0256,0.6026,0.7564,0.0897,0.2051,0.2692,0.0769,0.0125,0.6795,0.6026,0.9189,0.0128,0.2949,0.4872,0.9872,0.0125,0.0125,0.8846,0.2564,0.8421,0.9868,0.8718,0.8974,0.9872,0.4103,0.8684,0.7564,0.8846,0.9875,0.8205,0.9359,0.2436,0.9359,0.1154,0.9875,0.8718,0.1795,0.0263,0.1026,0.2051,0.9875,0.2692,0.4359,0.0128,0.0125,0.1538,0.2237,0.9231,0.3462,0.8205,0.9737,0.8333,0.9875,0.8462,0.9875,0.9875,0.0641,0.8816,0.0125,0.0769,0.1154,0.0897,0.4103,0.9868,0.0125,0.9875,0.0125,0.0125,0.0128,0.7692,0.9875,0.1579,0.0128,0.9875,0.5263,0.2692
"Melanesian, Nasioi",-6,155,0.0435,0.6739,0.8261,0.4348,0.0208333333333333,0.2609,0.3261,0.8696,0.6522,0.6739,0.0652,0.0435,0.6522,0.1522,0.1087,0.087,0.979166666666667,0.979166666666667,0.7391,0.1957,0.6739,0.979166666666667,0.979166666666667,0.2174,0.2609,0.0208333333333333,0.7609,0.0208333333333333,0.587,0.3043,0.1957,0.1304,0.8478,0.0217,0.0217,0.4348,0.0208333333333333,0.8478,0.5217,0.8696,0.0208333333333333,0.587,0.3043,0.6957,0.087,0.9783,0.0652,0.3696,0.9348,0.8043,0.2174,0.9565,0.3696,0.2826,0.1522,0.1304,0.9565,0.5,0.9348,0.2391,0.8696,0.9348,0.7174,0.1957,0.6087,0.3478,0.979166666666667,0.0435,0.8043,0.6739,0.1522,0.6522,0.5,0.0208333333333333,0.0217,0.8478,0.3864,0.5652,0.7826,0.2826,0.3696,0.6739,0.3696,0.0652,0.0208333333333333,0.0208333333333333,0.2609,0.0217,0.8478,0.413,0.5217,0.3261,0.979166666666667,0.5,0.5652,0.5,0.6739,0.0208333333333333,0.979166666666667,0.5652,0.2391,0.8864,0.3261,0.087,0.5217,0.1087,0.6957,0.979166666666667,0.6957,0.2174,0.2174,0.1522,0.1522,0.5652,0.3043,0.4348,0.0208333333333333,0.0435,0.1304,0.6739,0.0208333333333333,0.5,0.979166666666667,0.0208333333333333,0.8043,0.9565,0.1522,0.6739
"Micronesians",7.5,150,0.2297,0.4444,0.8108,0.2778,0.1667,0.4324,0.1892,0.7297,0.2778,0.6111,0.4722,0.0417,0.5417,0.3056,0.3472,0.0972,0.8378,0.986842105263158,0.4167,0.2361,0.25,0.9444,0.7568,0.2361,0.0278,0.0556,0.3889,0.0139,0.6944,0.5,0.2222,0.2639,0.7222,0.0694,0.1892,0.3056,0.5556,0.875,0.2639,0.6806,0.2297,0.7361,0.4444,0.8472,0.2083,0.6806,0.0972,0.3108,0.9167,0.6389,0.4444,0.5676,0.2361,0.2838,0.0833,0.6667,0.9459,0.8472,0.8472,0.4167,0.527,0.6111,0.6944,0.3919,0.6081,0.1944,0.9444,0.3784,0.8056,0.5972,0.3194,0.4722,0.4167,0.0417,0.2838,0.7027,0.4028,0.4583,0.5972,0.2432,0.2083,0.7973,0.3611,0.1351,0.1389,0.0556,0.3889,0.1944,0.9861,0.3194,0.6389,0.1111,0.986842105263158,0.7297,0.4028,0.8472,0.3472,0.125,0.986842105263158,0.5405,0.4583,0.8194,0.2838,0.5417,0.125,0.0694,0.4286,0.8243,0.4861,0.2222,0.1806,0.1528,0.3472,0.3889,0.3611,0.5676,0.0556,0.1806,0.2778,0.4054,0.0131578947368421,0.7432,0.986842105263158,0.0541,0.8056,0.8378,0.2297,0.6351
"Mongolian",45.5,105,0.2891,0.5574,0.7206,0.2661,0.1953,0.4844,0.3088,0.8485,0.3125,0.5703,0.4508,0.1667,0.3984,0.4211,0.4836,0.0702,0.6328,0.992307692307692,0.5606,0.3333,0.2422,0.8413,0.7063,0.2925,0.2619,0.2619,0.4141,0.129,0.8047,0.75,0.1953,0.1429,0.7381,0.1148,0.3016,0.2656,0.3095,0.7222,0.2143,0.4375,0.322,0.5082,0.3672,0.7302,0.4841,0.7661,0.0985,0.541,0.75,0.5806,0.5403,0.55,0.475,0.25,0.0714,0.5873,0.992307692307692,0.7969,0.5656,0.5403,0.3015,0.7759,0.678,0.3984,0.6803,0.1613,0.7812,0.2174,0.7266,0.4508,0.5159,0.5082,0.5403,0.2177,0.5556,0.7578,0.2937,0.3359,0.45,0.1508,0.1935,0.6953,0.2698,0.3361,0.1825,0.1311,0.418,0.1613,0.9609,0.2541,0.5391,0.2339,0.9083,0.7381,0.3151,0.7734,0.5323,0.2778,0.9921,0.475,0.4274,0.6984,0.447,0.00769230769230769,0.1885,0.1094,0.6328,0.8968,0.6667,0.3438,0.2969,0.2656,0.7143,0.5833,0.4661,0.25,0.0515,0.1641,0.5846,0.5636,0.0317,0.5656,0.9841,0.2029,0.7542,0.6484,0.8033,0.6319
"Nahuas",18.25,-100.25,0.7321,0.1207,0.569,0.732,0.707,0.7414,0.0345,0.9655,0.879,0.0172,0.5172,0.0172,0.5,0.259,0.4483,0.1481,0.4483,0.4655,0.517,0.8448,0.268,0.7069,0.6458,0.2069,0.5536,0.052,0.058,0.6207,0.6667,0.9828,0.2321,0.052,0.8103,0.339,0.1897,0.7083,0.741,0.138,0.0179,0.5179,0.0862,0.069,0.9483,0.179,0.879,0.345,0.75,0.7609,0.278,0.5,0.8966,0.0345,0.2143,0.7143,0.0166666666666667,0.9655,0.431,0.786,0.4828,0.5862,0.0862,0.3448,0.2759,0.125,0.5517,0.069,0.4655,0.6034,0.3103,0.0893,0.3103,0.625,0.2708,0.6964,0.8448,0.4444,0.5741,0.1724,0.2143,0.0517,0.7586,0.5517,0.6379,0.4483,0.1034,0.5179,0.2,0.5179,0.9828,0.6897,0.8103,0.3448,0.407,0.7143,0.5536,0.9828,0.6724,0.2407,0.9259,0.1964,0.7931,0.3103,0.2931,0.0517,0.0345,0.0166666666666667,0.4655,0.5345,0.3448,0.1207,0.6034,0.7414,0.7963,0.9615,0.6207,0.0166666666666667,0.0345,0.2069,0.2778,0.5862,0.3846,0.1897,0.5926,0.6207,0.8654,0.8621,0.8621,0.3448
"Palestinian",31.5,35.25,0.125,0.2941,0.913,0.1544,0.0821,0.2279,0.6985,0.4179,0.0662,0.6471,0.0588,0.8209,0.8582,0.5074,0.0909,0.25,0.8768,0.992753623188406,0.6894,0.1,0.7794,0.625,0.5515,0.8433,0.0368,0.5308,0.7132,0.0441,0.6364,0.6618,0.3309,0.5588,0.7647,0.2891,0.5147,0.2206,0.2344,0.6838,0.3529,0.5682,0.7836,0.5182,0.0882,0.8456,0.0758,0.9559,0.1967,0.1324,0.8852,0.8828,0.0809,0.6838,0.4191,0.1324,0.2647,0.2422,0.992753623188406,0.8603,0.6484,0.0652,0.1406,0.9632,0.8603,0.6471,0.1838,0.6544,0.9018,0.0942,0.5227,0.8824,0.7941,0.1269,0.4627,0.0746,0.0821,0.8971,0.0246,0.2,0.6607,0.2426,0.2206,0.5294,0.3134,0.1111,0.4853,0.0703,0.447,0.1016,0.7059,0.1103,0.097,0.2426,0.9776,0.7143,0.1343,0.6894,0.0221,0.7537,0.8333,0.9118,0.4191,0.8162,0.3571,0.0072463768115942,0.4627,0.0692,0.8676,0.9118,0.1567,0.2353,0.0662,0.0682,0.1418,0.1838,0.1912,0.3806,0.7132,0.3788,0.6471,0.5956,0.0373,0.3696,0.9926,0.0441,0.5,0.597,0.2313,0.6324
"Papuan New Guinean",-6,142.25,0.1818,0.5227,0.5909,0.5,0.0217391304347826,0.2955,0.0476,0.6364,0.0682,0.4545,0.0455,0.0217391304347826,0.9318,0.0217391304347826,0.2955,0.1591,0.978260869565217,0.978260869565217,0.5909,0.0227,0.7727,0.9773,0.9091,0.2045,0.3409,0.0217391304347826,0.3182,0.0217391304347826,0.4545,0.6136,0.0682,0.0217391304347826,0.3636,0.0217391304347826,0.0952,0.6364,0.3182,0.5909,0.2273,0.8864,0.1818,0.5682,0.5682,0.9545,0.0227,0.5227,0.0217391304347826,0.5909,0.8864,0.6364,0.0217391304347826,0.9091,0.3409,0.2273,0.0227,0.1591,0.9773,0.7273,0.8864,0.25,0.7727,0.6591,0.4773,0.7955,0.4318,0.75,0.9773,0.0217391304347826,0.3864,0.8182,0.3864,0.6136,0.7727,0.1136,0.2381,0.7273,0.25,0.3182,0.7727,0.5455,0.1364,0.0227,0.5227,0.25,0.0217391304347826,0.0217391304347826,0.2273,0.3864,0.978260869565217,0.3182,0.2045,0.2273,0.978260869565217,0.5,0.3864,0.8636,0.5909,0.0217391304347826,0.978260869565217,0.6364,0.2955,0.75,0.1591,0.1364,0.6667,0.0227,0.7727,0.9545,0.6364,0.0227,0.0227,0.0455,0.0217391304347826,0.5227,0.0227,0.4167,0.0217391304347826,0.0217391304347826,0.2273,0.4318,0.0217391304347826,0.6429,0.978260869565217,0.0217391304347826,0.5227,0.978260869565217,0.0227,0.8182
"Pima, Arizona",33.5,-111.75,0.902,0.098,0.3922,0.6569,0.6961,0.7843,0.1961,0.9902,0.67,0.01,0.5686,0.0392,0.4216,0.1765,0.7157,0.1961,0.1176,0.3627,0.4902,0.8235,0.2647,0.89,0.6961,0.1961,0.6275,0.402,0.1275,0.6667,0.451,0.8333,0.25,0.00961538461538462,0.7941,0.3824,0.2353,0.8137,0.7549,0.2059,0.00961538461538462,0.3039,0.1765,0.3235,0.902,0.3137,0.7157,0.3039,0.8,0.8137,0.2157,0.402,0.8431,0.0098,0.4608,0.6863,0.0882,0.94,0.5098,0.8137,0.6667,0.6471,0.0882,0.3431,0.1176,0.1667,0.7353,0.1078,0.3431,0.6,0.3922,0.2255,0.4902,0.6078,0.25,0.7059,0.598,0.3824,0.73,0.0294,0.098,0.1373,0.549,0.6078,0.3627,0.7549,0.2,0.6863,0.3137,0.62,0.9902,0.57,0.82,0.8431,0.2353,0.5196,0.7157,0.902,0.8627,0.0686,0.951,0.2157,0.8725,0.2941,0.5686,0.04,0.01,0.00961538461538462,0.1373,0.27,0.4706,0.3725,0.6078,0.71,0.67,0.8922,0.8039,0.0196,0.00961538461538462,0.24,0.49,0.72,0.5098,0.1373,0.4608,0.5098,0.8529,0.83,0.902,0.3137
"Pima, Mexico",29.25,-108.75,0.9245,0.1981,0.6792,0.8942,0.7358,0.8302,0.1698,0.990740740740741,0.4811,0.0849,0.6509,0.0189,0.2453,0.0943,0.8396,0.3962,0.2925,0.3396,0.3396,0.717,0.0943,0.8868,0.5943,0.0566,0.7547,0.1698,0.1226,0.8113,0.3302,0.6321,0.4811,0.0377,0.783,0.3962,0.2075,0.6038,0.5943,0.4151,0.0189,0.5,0.0283,0.1226,0.9057,0.1887,0.7736,0.3302,0.783,0.7736,0.4528,0.4528,0.7736,0.066,0.6509,0.7453,0.0094,0.6132,0.5377,0.8113,0.8868,0.7642,0.2547,0.6792,0.1132,0.0472,0.717,0.2358,0.3491,0.2547,0.1415,0.2736,0.5377,0.6038,0.4528,0.8774,0.6509,0.6226,0.6509,0.0094,0.4245,0.0849,0.2547,0.6226,0.4434,0.5755,0.066,0.5755,0.3679,0.7453,0.990740740740741,0.5472,0.5094,0.5377,0.4528,0.7925,0.5472,0.8208,0.9623,0.3396,0.7925,0.7264,0.9717,0.1226,0.4434,0.0532,0.1132,0.0189,0.2075,0.4528,0.6321,0.1604,0.566,0.6132,0.6981,0.717,0.6887,0.0094,0.0189,0.0849,0.5566,0.7547,0.4623,0.0849,0.8774,0.6981,0.8774,0.9528,0.8302,0.4434
"Qiang",30.25,102,0.3333,0.6316,0.75,0.2105,0.2368,0.4342,0.141,0.8846,0.2763,0.5263,0.3684,0.1579,0.4605,0.4342,0.6351,0.1216,0.6154,0.9875,0.7179,0.3289,0.1579,0.9211,0.8158,0.1081,0.2237,0.2237,0.3378,0.1053,0.8684,0.7368,0.2632,0.1184,0.6974,0.0658,0.2763,0.2632,0.4079,0.75,0.1184,0.6316,0.2368,0.4231,0.4342,0.7632,0.5263,0.8816,0.1667,0.5526,0.5658,0.5921,0.5972,0.4868,0.4324,0.1316,0.0526,0.6622,0.9875,0.8194,0.473,0.5513,0.4231,0.6974,0.6622,0.3026,0.5811,0.1184,0.8289,0.2368,0.7763,0.5132,0.5789,0.4865,0.5395,0.1842,0.4737,0.6053,0.2895,0.2368,0.2632,0.1892,0.2895,0.6842,0.2632,0.4,0.1447,0.0526,0.5263,0.1184,0.9868,0.3026,0.6842,0.1447,0.9324,0.6447,0.3077,0.8026,0.5395,0.1053,0.9875,0.5,0.3784,0.7368,0.4737,0.0125,0.0946,0.1447,0.5263,0.9324,0.7571,0.3553,0.2895,0.2105,0.7432,0.5125,0.5789,0.3947,0.025,0.3026,0.5641,0.4474,0.0125,0.6923,0.9875,0.141,0.8026,0.8421,0.8289,0.5385
"Quechua",-13.5,-72,0.8462,0.1731,0.5962,0.813,0.538,0.7115,0.25,0.94,0.462,0.0769,0.5,0.0385,0.2708,0.212,0.7692,0.28,0.3846,0.5,0.596,0.7692,0.096,0.7308,0.86,0.1346,0.4808,0.115,0.019,0.5962,0.5,0.9038,0.2692,0.058,0.8077,0.692,0.5769,0.7917,0.519,0.365,0.0385,0.5769,0.12,0.058,0.9038,0.5,0.827,0.25,0.596,0.7308,0.25,0.3269,0.7,0.0192,0.3,0.4808,0.038,0.88,0.52,0.654,0.75,0.5192,0.0769,0.4423,0.1154,0.0769,0.5192,0.0577,0.3654,0.5192,0.3462,0.1346,0.1538,0.6731,0.16,0.6538,0.6923,0.6042,0.6346,0.14,0.3462,0.0769,0.3654,0.6731,0.5385,0.6923,0.1154,0.5,0.46,0.7115,0.9423,0.7115,0.6538,0.6923,0.192,0.5192,0.6458,0.8462,0.7692,0.3846,0.7885,0.62,0.8077,0.5769,0.3462,0.1,0.0962,0.0185185185185185,0.1731,0.54,0.3846,0.1923,0.6538,0.5192,0.8654,0.7115,0.6731,0.12,0.14,0.0962,0.25,0.5,0.4808,0.3462,0.5208,0.46,0.82,0.7692,0.5962,0.5
"Russians",65,105,0.1354,0.3021,0.9479,0.0833,0.1354,0.2083,0.7292,0.2396,0.125,0.8125,0.1458,0.9271,0.8125,0.7083,0.1667,0.2292,0.8085,0.9894,0.75,0.0417,0.7188,0.5532,0.2917,0.883,0.0745,0.6667,0.625,0.1489,0.5851,0.8229,0.2447,0.4688,0.75,0.4167,0.5729,0.1354,0.0625,0.6667,0.1979,0.2708,0.7979,0.75,0.1562,0.9375,0.1354,0.9167,0.0957,0.3229,0.9167,0.8958,0.1458,0.734,0.6739,0.0417,0.2292,0.3125,0.8438,0.9167,0.883,0.0833,0.1979,0.9271,0.7188,0.6667,0.1458,0.6562,0.8333,0.1146,0.5938,0.9479,0.9271,0.1489,0.2556,0.125,0.1875,0.7812,0.1562,0.1562,0.8542,0.1979,0.125,0.4167,0.2188,0.1146,0.3854,0.0729,0.3958,0.1042,0.8438,0.0532,0.1146,0.0938,0.8854,0.8438,0.1064,0.6702,0.1957,0.5729,0.8438,0.7708,0.3646,0.9167,0.2889,0.1413,0.2778,0.0213,0.7708,0.9792,0.1354,0.2188,0.125,0.0417,0.0417,0.4062,0.125,0.375,0.6915,0.1562,0.7292,0.6848,0.0417,0.2292,0.9167,0.125,0.6562,0.4062,0.2292,0.7812
"Samaritans",32,35,0.0375,0.2,0.9875,0.0121951219512195,0.2375,0.0375,0.5625,0.15,0.0125,0.8125,0.2,0.98780487804878,0.95,0.45,0.4375,0.3375,0.98780487804878,0.98780487804878,0.9103,0.1125,0.6625,0.4375,0.7,0.7875,0.0375,0.45,0.8,0.0375,0.7,0.5625,0.3125,0.85,0.9,0.0375,0.3375,0.3,0.15,0.875,0.1875,0.6,0.98780487804878,0.35,0.3375,0.95,0.0121951219512195,0.9875,0.3333,0.3875,0.98780487804878,0.98780487804878,0.1875,0.6125,0.4,0.225,0.5,0.0875,0.375,0.8625,0.4744,0.0121951219512195,0.1795,0.9375,0.7375,0.9,0.0375,0.7375,0.75,0.1026,0.375,0.9875,0.9625,0.075,0.8375,0.1,0.0121951219512195,0.8375,0.0121951219512195,0.5875,0.9125,0.075,0.0625,0.2625,0.2625,0.05,0.175,0.0513,0.4125,0.0121951219512195,0.85,0.0121951219512195,0.025,0.175,0.9375,0.525,0.0121951219512195,0.4125,0.1875,0.9375,0.9375,0.98780487804878,0.4875,0.725,0.1154,0.1795,0.3378,0.1154,0.7875,0.98780487804878,0.0121951219512195,0.1125,0.0121951219512195,0.0625,0.0125,0.1538,0.025,0.15,0.8375,0.225,0.5375,0.7,0.1667,0.325,0.98780487804878,0.0121951219512195,0.8125,0.9,0.1625,0.85
"Samoans",-13.75,-171,0.25,0.3889,0.8125,0.1667,0.2778,0.3125,0.375,0.7857,0.2778,0.6667,0.1667,0.2778,0.6667,0.2222,0.3889,0.2222,0.9286,0.944444444444444,0.4444,0.1111,0.1667,0.9444,0.75,0.3889,0.1111,0.1111,0.4444,0.2222,0.4444,0.4444,0.0556,0.2222,0.8333,0.0556,0.3125,0.4444,0.5556,0.9375,0.3889,0.6667,0.1429,0.6667,0.3889,0.9444,0.4444,0.7778,0.0555555555555556,0.5,0.9444,0.7778,0.6667,0.625,0.0556,0.0625,0.1111,0.75,0.8125,0.8889,0.7222,0.8333,0.8125,0.7222,0.7222,0.25,0.5,0.2222,0.7222,0.5,0.5556,0.3333,0.25,0.375,0.5556,0.1111,0.0625,0.8125,0.8889,0.6111,0.5,0.1875,0.3889,0.5,0.3889,0.0555555555555556,0.0556,0.2222,0.3333,0.2778,0.9444,0.5556,0.6667,0.0556,0.944444444444444,0.75,0.6111,0.5,0.6111,0.1667,0.944444444444444,0.625,0.5556,0.8333,0.3125,0.7143,0.0555555555555556,0.2222,0.5,0.875,0.7778,0.0556,0.3889,0.1111,0.5,0.2778,0.5,0.5625,0.0556,0.1111,0.2778,0.1875,0.0555555555555556,0.7857,0.944444444444444,0.0714,0.8889,0.6875,0.375,0.9375
"Sandawe",-5.5,36.5,0.1,0.7875,0.9375,0.65,0.1,0.0875,0.3875,0.7949,0.0625,0.2375,0.0125,0.4375,0.6,0.075,0.2875,0.9125,0.98780487804878,0.98780487804878,0.475,0.075,0.775,0.8375,0.9375,0.775,0.3375,0.175,0.7875,0.05,0.175,0.1875,0.65,0.2125,0.3,0.9359,0.1375,0.4375,0.5875,0.4375,0.65,0.9375,0.3875,0.25,0.025,0.9,0.0375,0.9875,0.1923,0.2125,0.6,0.3875,0.225,0.6125,0.2125,0.7179,0.5375,0.275,0.2875,0.3875,0.025,0.0125,0.625,0.8125,0.8125,0.4375,0.4875,0.375,0.925,0.0121951219512195,0.2125,0.5625,0.7875,0.4359,0.9625,0.45,0.2,0.975,0.275,0.7625,0.8375,0.6125,0.775,0.775,0.675,0.175,0.925,0.1,0.9,0.4375,0.225,0.025,0.1125,0.3375,0.9875,0.225,0.4125,0.2125,0.0121951219512195,0.2375,0.2125,0.98780487804878,0.2125,0.7125,0.7125,0.8333,0.85,0.6125,0.9875,0.9125,0.1375,0.725,0.0121951219512195,0.1,0.125,0.125,0.125,0.8625,0.15,0.8375,0.0875,0.1,0.1125,0.675,0.98780487804878,0.0121951219512195,0.25,0.9875,0.1875,0.1625
"Sardinian",40,9,0.1,0.4429,0.9412,0.0143,0.1029,0.2286,0.8571,0.2571,0.0882,0.7941,0.0882,0.9412,0.986111111111111,0.6324,0.0143,0.2353,0.8529,0.986111111111111,0.9,0.0147,0.9429,0.3971,0.5286,0.7941,0.0588,0.6324,0.7941,0.0147,0.6515,0.6618,0.1212,0.7794,0.8857,0.3235,0.5429,0.2714,0.0909,0.7647,0.2571,0.1765,0.8286,0.5625,0.1857,0.9559,0.0143,0.986111111111111,0.0147,0.0857,0.986111111111111,0.9412,0.0294,0.7286,0.7206,0.0303,0.3824,0.1618,0.8286,0.9143,0.7121,0.0138888888888889,0.2353,0.9429,0.8939,0.6571,0.0441,0.8088,0.9219,0.1,0.6912,0.8088,0.9571,0.2727,0.3971,0.0441,0.0469,0.8088,0.0143,0.0714,0.8971,0.1471,0.1143,0.6029,0.3088,0.05,0.3429,0.1212,0.5286,0.0294,0.8382,0.0714,0.0138888888888889,0.1143,0.9571,0.9375,0.0143,0.7206,0.0286,0.8971,0.8529,0.9118,0.3571,0.8971,0.25,0.0857,0.4394,0.0441,0.8676,0.9848,0.0455,0.3529,0.0138888888888889,0.0143,0.0429,0.3529,0.1471,0.2794,0.75,0.2,0.7571,0.7353,0.1618,0.2727,0.986111111111111,0.0645,0.5,0.6471,0.1667,0.8182
"Surui",-10.25,-61,0.8617,0.0745,0.8723,0.3617,0.9468,0.8617,0.0638,0.9894,0.663,0.0213,0.9457,0.4043,0.6489,0.0957,0.7609,0.4468,0.25,0.3511,0.1064,0.9681,0.0213,0.7553,0.989583333333333,0.2065,0.9783,0.1489,0.0213,0.9022,0.4681,0.9681,0.0104166666666667,0.0213,0.9255,0.3478,0.3936,0.6957,0.5532,0.5213,0.0319,0.2128,0.0326,0.2128,0.9787,0.383,0.9574,0.337,0.8889,0.8298,0.1702,0.2128,0.8804,0.0213,0.4222,0.6383,0.0213,0.734,0.7065,0.9255,0.3261,0.8404,0.0745,0.1702,0.1915,0.0106,0.1809,0.0556,0.2826,0.3191,0.2021,0.1277,0.3043,0.6848,0.0426,0.883,0.4787,0.4362,0.8913,0.1739,0.2447,0.1064,0.6957,0.913,0.4787,0.4674,0.0213,0.9149,0.2553,0.2447,0.9894,0.9674,0.9894,0.9787,0.1809,0.9565,0.8298,0.8723,0.8936,0.3261,0.9574,0.3511,0.6915,0.3043,0.1489,0.0104166666666667,0.0217,0.0104166666666667,0.0426,0.8913,0.6444,0.6522,0.75,0.7717,0.9674,0.9787,0.9894,0.0213,0.0104166666666667,0.1196,0.5,0.2283,0.3404,0.6702,0.266,0.8936,0.8043,0.8936,0.3333,0.7609
"Thoti",16.5,80.5,0.3571,0.4643,0.5714,0.0357,0.2143,0.5357,0.5,0.5,0.1786,0.8214,0.3929,0.7857,0.8214,0.25,0.0714,0.1786,0.9643,0.9643,0.75,0.3929,0.3214,0.9286,0.8929,0.8571,0.0833,0.4643,0.25,0.0333333333333333,0.5714,0.6429,0.1923,0.1071,0.6071,0.1071,0.75,0.1071,0.4286,0.6786,0.2857,0.6923,0.4286,0.875,0.1786,0.8214,0.1786,0.966666666666667,0.1071,0.4643,0.7143,0.7857,0.2857,0.4643,0.2857,0.2857,0.0714,0.4286,0.8214,0.7857,0.5,0.5,0.3214,0.7857,0.3929,0.2143,0.1429,0.4286,0.966666666666667,0.25,0.5357,0.9231,0.6786,0.5,0.2692,0.1786,0.1071,0.8571,0.1071,0.3077,0.3077,0.4286,0.1786,0.4643,0.6786,0.0333333333333333,0.1429,0.1,0.6786,0.0333333333333333,0.9615,0.0333333333333333,0.0833,0.1786,0.966666666666667,0.8182,0.0357,0.7143,0.2857,0.3929,0.966666666666667,0.8214,0.2143,0.6786,0.4286,0.3571,0.1538,0.2727,0.8077,0.7857,0.5714,0.1154,0.0714,0.0385,0.3077,0.4286,0.2308,0.3571,0.2143,0.1071,0.7143,0.5357,0.0333333333333333,0.7143,0.966666666666667,0.3077,0.8929,0.5714,0.1923,0.6429
"Ticuna",-3.5,-69,0.7923,0.1077,0.4462,0.6231,0.6385,0.8077,0.0154,0.9385,0.2385,0.0846,0.5846,0.0462,0.4462,0.0923,0.6615,0.0615,0.6615,0.3846,0.3615,0.4,0.0692,0.9077,0.9615,0.3462,0.5846,0.1,0.0154,0.6462,0.7154,0.992424242424242,0.1154,0.0077,0.8385,0.3846,0.2,0.6154,0.8154,0.4385,0.00757575757575758,0.6385,0.0538,0.1846,0.8538,0.8154,0.8385,0.3077,0.9219,0.6769,0.3308,0.4308,0.6077,0.1154,0.6077,0.5846,0.00757575757575758,0.8769,0.8538,0.8154,0.8615,0.7308,0.0769,0.2846,0.2538,0.1538,0.2692,0.0615,0.7,0.1538,0.2154,0.1,0.1077,0.7231,0.3077,0.6538,0.7385,0.6,0.7769,0.1231,0.2462,0.1172,0.7154,0.4923,0.6538,0.5077,0.2923,0.7923,0.1308,0.5,0.992424242424242,0.7692,0.6692,0.9385,0.4846,0.7538,0.6692,0.992424242424242,0.4923,0.4615,0.7692,0.5692,0.5231,0.5923,0.3154,0.0703,0.0385,0.00757575757575758,0.0769,0.7154,0.4385,0.3308,0.5615,0.7231,0.9,0.9154,0.6077,0.00757575757575758,0.00757575757575758,0.1,0.4769,0.4,0.2769,0.4231,0.5077,0.9,0.9385,0.7385,0.5692,0.4
"Uyghur",42.5,84.5,0.3696,0.4889,0.8333,0.1778,0.2614,0.3913,0.4787,0.6023,0.1522,0.6848,0.2222,0.4667,0.5978,0.4634,0.3953,0.1477,0.734,0.9674,0.5444,0.2907,0.5,0.6522,0.5698,0.5926,0.0667,0.2333,0.5543,0.0909,0.6364,0.6957,0.2444,0.3222,0.8523,0.1786,0.413,0.2065,0.2727,0.5889,0.2889,0.4333,0.3889,0.5814,0.3261,0.8889,0.3864,0.8488,0.1778,0.4091,0.8478,0.6413,0.3889,0.5227,0.4375,0.25,0.1087,0.6023,0.98936170212766,0.9348,0.6351,0.2674,0.3617,0.7955,0.7283,0.2955,0.3488,0.4674,0.7,0.1667,0.6304,0.4667,0.6786,0.4333,0.5556,0.2159,0.3182,0.8261,0.2609,0.2727,0.4625,0.125,0.2159,0.5761,0.2826,0.2386,0.2717,0.0667,0.4239,0.0556,0.9457,0.2667,0.413,0.3,0.9457,0.7273,0.1915,0.8478,0.4222,0.4302,0.9333,0.7093,0.3913,0.8152,0.4,0.0106382978723404,0.2907,0.0333,0.6196,0.9146,0.4,0.3696,0.2222,0.1977,0.4459,0.4659,0.4773,0.4318,0.3646,0.2222,0.5488,0.6786,0.0111,0.5978,0.9891,0.1702,0.625,0.5778,0.4222,0.617
"Vietnamese",16,105.5,0.438,0.75,0.75,0.062,0.125,0.5625,0.063,0.813,0.437,0.625,0.4375,0.3125,0.5,0.687,0.5,0.125,0.625,0.944444444444444,0.571,0.5,0.187,0.938,0.875,0.125,0.125,0.125,0.429,0.375,0.857,0.5,0.125,0.125,0.571,0.0555555555555556,0.0625,0.5,0.562,0.312,0.188,0.938,0.3125,0.437,0.5,0.687,0.5,0.625,0.562,0.5,0.625,0.938,0.25,0.6875,0.313,0.25,0.187,0.625,0.75,0.937,0.625,0.563,0.625,0.625,0.625,0.25,0.688,0.188,0.875,0.438,0.688,0.5,0.563,0.3125,0.4375,0.0625,0.688,0.75,0.5625,0.437,0.25,0.438,0.125,0.688,0.125,0.375,0.188,0.0555555555555556,0.6875,0.125,0.944444444444444,0.313,0.6875,0.063,0.875,0.813,0.188,0.813,0.438,0.25,0.944444444444444,0.188,0.5,0.688,0.313,0.313,0.125,0.125,0.75,0.944444444444444,0.8125,0.5,0.25,0.25,0.6875,0.438,0.313,0.285,0.0555555555555556,0.286,0.438,0.313,0.0555555555555556,0.75,0.944444444444444,0.188,0.875,0.857,0.625,0.5
"Yakut",64.5,135,0.3627,0.5294,0.8922,0.3137,0.2941,0.2451,0.1667,0.75,0.1961,0.7353,0.2647,0.1569,0.2941,0.5,0.5196,0.0686,0.63,0.9902,0.6275,0.2157,0.1373,0.8627,0.4608,0.3137,0.2255,0.1569,0.3039,0.1471,0.8529,0.9314,0.2647,0.08,0.6667,0.1471,0.5196,0.1078,0.2451,0.8824,0.4412,0.2941,0.451,0.5098,0.4216,0.8039,0.2451,0.6961,0.0392,0.4902,0.7745,0.4608,0.598,0.7549,0.6471,0.37,0.0784,0.7255,0.8137,0.6863,0.6569,0.5,0.2745,0.7353,0.6863,0.2745,0.6471,0.2941,0.549,0.3137,0.6275,0.6471,0.5,0.4,0.6569,0.0882,0.6176,0.6275,0.3137,0.3333,0.52,0.2941,0.2745,0.6863,0.2647,0.3922,0.2353,0.24,0.36,0.0882,0.9216,0.1863,0.3529,0.4412,0.8529,0.6765,0.2941,0.8235,0.598,0.2843,0.902,0.6961,0.5294,0.6275,0.4902,0.2041,0.2941,0.049,0.5588,0.9902,0.4118,0.3235,0.3137,0.3235,0.5882,0.6275,0.3333,0.3137,0.1176,0.098,0.6078,0.59,0.0098,0.6471,0.990384615384615,0.5392,0.9118,0.6471,0.7157,0.7549
"Yoruba",8,5,0.01,0.91,0.99,0.57,0.2922,0.013,0.23,0.9,0.0519,0.3117,0.0065,0.3377,0.54,0.0195,0.14,0.9935,0.995614035087719,0.995614035087719,0.2208,0.0974,0.8571,0.995614035087719,0.9935,0.3312,0.1169,0.0043859649122807,0.6429,0.0584,0.0974,0.0519,0.8247,0.0195,0.1948,0.9868,0.0592,0.4481,0.539,0.2727,0.9221,0.995614035087719,0.3052,0.1169,0.0733,0.88,0.05,0.8961,0.3133,0.3831,0.6429,0.487,0.2143,0.539,0.0584,0.8442,0.8636,0.3571,0.17,0.2468,0.03,0.0043859649122807,0.7857,0.9416,0.81,0.05,0.6169,0.4221,0.961,0.0043859649122807,0.0195,0.6494,0.6053,0.6776,0.995614035087719,0.5519,0.4545,0.995614035087719,0.2208,0.8052,0.8701,0.7532,0.987,0.9805,0.9675,0.3117,0.995614035087719,0.0584,0.9595,0.5779,0.1,0.0455,0.14,0.4545,0.995614035087719,0.1169,0.2597,0.1948,0.0043859649122807,0.0909,0.0325,0.9805,0.2662,0.7792,0.9351,0.8973,0.9333,0.8506,0.995614035087719,0.97,0.0455,0.92,0.0043859649122807,0.1818,0.18,0.1104,0.2273,0.9805,0.03,0.974,0.0195,0.0043859649122807,0.0043859649122807,0.9416,0.995614035087719,0.1753,0.02,0.995614035087719,0.38,0.22
"Zaramo",-7.5,38,0.0121951219512195,0.859,0.925,0.725,0.2308,0.0132,0.3625,0.859,0.0625,0.3816,0.0121951219512195,0.4103,0.7,0.0125,0.2632,0.9872,0.98780487804878,0.98780487804878,0.2692,0.1053,0.7436,0.9875,0.9744,0.3947,0.0833,0.0121951219512195,0.7237,0.1528,0.1154,0.0385,0.8125,0.0625,0.15,0.975,0.0385,0.3974,0.525,0.1538,0.8077,0.9615,0.35,0.0769,0.0897,0.8077,0.05,0.975,0.2375,0.2875,0.7237,0.35,0.275,0.6026,0.025,0.875,0.8205,0.3,0.2308,0.2875,0.027,0.0121951219512195,0.7,0.8158,0.825,0.0769,0.5625,0.4231,0.8375,0.0121951219512195,0.0132,0.5694,0.6111,0.6944,0.9079,0.4744,0.3875,0.98780487804878,0.35,0.8875,0.7949,0.825,0.95,0.8974,0.9125,0.3676,0.975,0.0571,0.9872,0.6875,0.0811,0.0875,0.1579,0.45,0.98780487804878,0.1286,0.1923,0.1447,0.0121951219512195,0.125,0.1795,0.875,0.1216,0.8462,0.8974,0.8205,0.9474,0.7083,0.98780487804878,0.98780487804878,0.075,0.9231,0.0125,0.0946,0.1625,0.15,0.1806,0.875,0.0121951219512195,0.9744,0.0121951219512195,0.1,0.0121951219512195,0.8947,0.9872,0.1892,0.0128,0.98780487804878,0.3289,0.1875
